timestamp,prev_index_price,interest_8h,interest_1h,index_price,funding
1580256000000,173.66,0.0011026896454087785,0.00012522176494842065,176.02,0.0010999401325261355
1580284800000,177.39,0.0007554095858704203,9.819962605170696e-05,177.94,0.0007568797780587405
1580313600000,176.23,0.0008423114397943606,0.00011470193880227431,174.85,0.0008355078935672289
1580342400000,175.53,0.0008198560702619438,0.00010048587840959978,173.45,0.0008243818885237985
1580371200000,173.61,0.0008119563770780561,0.00013094519813037893,175.52,0.0008107895110943424
1580400000000,175.43,0.0005169553012758501,0.00014537833449275483,177.3,0.0005155388870445654
1580428800000,186.45,0.0074378525172087056,0.0012158606063119618,184.37,0.007622519293876651
1580457600000,182.72,0.010081955473928069,0.0012557752054368947,181.92,0.010003934717308767
1580486400000,177.55,0.009037666739047795,0.001245285505551099,179.53,0.008933104271902846
1580515200000,181.65,0.009484858998626796,0.0007398590661799153,179.68,0.009481822003437475
1580544000000,181.92,0.007624005447702867,0.0011490649239083303,183.09,0.007743693119233829
1580572800000,181.48,0.009010400728698863,0.0007983735729165874,181.22,0.008923956451800844
1580601600000,182.89,0.006940185756049507,0.0012464275114862993,183.56,0.006996776515426217
1580630400000,185.88,0.010068099205450144,0.0012401570654631594,187.0,0.009985545141402007
1580659200000,191.46,0.009116784466111093,0.0012478221869950204,192.62,0.009251636134165596
1580688000000,189.2,0.010079600138871424,0.0012539188981941817,188.24,0.01001582705473747
1580716800000,190.93,0.009703807890178086,0.0012552893518744418,189.72,0.00983134135298645
1580745600000,189.26,0.010043376388032326,0.0012558362997215342,187.19,0.010003418893181001
1580774400000,189.18,0.00989753851406612,0.0012506360854070485,189.53,0.009989841131164455
1580803200000,187.71,0.01004729976497409,0.0012481469929315418,187.97,0.009998226495640293
1580832000000,186.38,0.010021725443044893,0.0011705818491769312,187.92,0.009925967976393547
1580860800000,188.66,0.009998391630633548,0.0012516187012964477,188.31,0.010006464905619615
1580889600000,190.58,0.008974664755991651,0.0002652399131687954,190.35,0.00901435895472526
1580918400000,197.36,0.0011155385915563368,0.00016222071046095165,198.71,0.0011396086042267954
1580947200000,204.69,0.007424010713672638,0.0012443863186193643,203.85,0.007600127350568795
1580976000000,207.23,0.009939919712517278,0.0012423067822903036,209.09,0.009995827761920333
1581004800000,213.45,0.009690845643172423,0.001256171698210666,212.32,0.009771072916134249
1581033600000,211.12,0.009977990575831486,0.0012409295161941788,212.92,0.009988463910685239
1581062400000,217.69,0.009368330609152386,0.0012509335636462066,218.46,0.009558293201476567
1581091200000,222.17,0.0095728099056007,0.0012536144056593528,221.23,0.009627182725166689
1581120000000,221.96,0.010009033484864188,0.0012472304650550073,223.07,0.009990821767159375
1581148800000,220.16,0.010157002822625489,0.0012493347100939198,220.13,0.010011073061954812
1581177600000,227.01,0.009174765325410672,0.0009736713041427732,225.3,0.00937649799315386
1581206400000,224.2,0.01005388841999709,0.001250249639588716,223.41,0.010010257676723125
1581235200000,228.65,0.003938440418489551,0.0001264890664765476,230.01,0.00398236653204013
1581264000000,226.29,0.0019887963500087274,0.0008709898736075107,226.97,0.0019674270015811197
1581292800000,227.94,0.0043370164397475335,0.0003538035404559593,228.79,0.004327598961121745
1581321600000,223.27,0.009525560978997845,0.0012468016555799582,223.9,0.009383391849619623
1581350400000,223.23,0.010164908981584639,0.0012443307895219598,223.53,0.01001441092672712
1581379200000,223.31,0.009780867048774957,0.0012447332378985165,223.02,0.009728180911407735
1581408000000,219.75,0.010153535084261076,0.0012531533220423898,218.48,0.010009677931922216
1581436800000,222.55,0.008513903600647492,0.0004688148511559373,229.71,0.008638909842068835
1581465600000,237.84,0.007480853603945112,0.0012524027163917872,237.84,0.007735266713890264
1581494400000,249.38,0.008836213992630761,0.0012228439802380185,254.3,0.009123152527061636
1581523200000,256.67,0.009797145711033873,0.0012603090866108947,255.11,0.009839255061000689
1581552000000,268.46,0.009367359128812185,0.0012543628269237191,266.3,0.009767142565984427
1581580800000,273.26,0.009466842157659753,0.0012583432261957601,266.74,0.009650284326193347
1581609600000,269.73,0.00997367024677163,0.0012484581380605396,270.72,0.009915962802074085
1581638400000,266.17,0.006068803686323142,0.00017503616245324695,268.45,0.005999265634969759
1581667200000,264.37,0.0040543428645187915,0.0012437201805118197,262.45,0.004009514292841243
1581696000000,272.04,0.008981755079517375,0.0009478627599168667,273.08,0.00920393838336817
1581724800000,284.06,0.00892811767787934,0.0012490878659803042,286.06,0.009203948969702327
1581753600000,280.89,0.01013849034540375,0.0012550047013878774,279.61,0.009995897304444723
1581782400000,281.76,0.00991892762020593,0.0012607941271185839,273.8,0.010012702706033274
1581811200000,267.36,0.010224663796942977,0.0012575236723069273,264.91,0.00999041066322318
1581840000000,271.26,0.009828037055811447,0.0012494629771994134,270.38,0.010009561847291324
1581868800000,262.59,0.010129515047036162,0.0012606032893473812,259.2,0.010018438210662693
1581897600000,255.48,0.010237339492232878,0.0012265163058478136,259.14,0.009975147650680161
1581926400000,249.31,0.010283359611236217,0.001242820219156664,248.96,0.010005301926791055
1581955200000,252.51,0.00679705770420618,0.0007941959664736431,256.96,0.006794198586060303
1581984000000,261.19,0.00845057469708077,0.0012295892069911852,268.0,0.00854035936313409
1582012800000,267.66,0.007779729466497633,0.00021380894668460396,269.16,0.007798442335768966
1582041600000,266.26,0.01002489681097197,0.0012093402049781936,274.73,0.009921131663581101
1582070400000,281.4,0.009632613155512152,0.001240387864638704,283.33,0.009866512623222912
1582099200000,277.87,0.010083926998229732,0.0012417991875394872,277.06,0.009972569220061707
1582128000000,279.72,0.009715673689291365,0.001249071527228235,279.94,0.00983267835061653
1582156800000,264.89,0.009763400541075993,0.0012623451517787601,258.71,0.0095939964782924
1582185600000,261.83,0.009924445486395912,0.0012554374916509995,260.83,0.010004671882413513
1582214400000,257.55,0.006013339299843816,0.0002236510180347822,255.29,0.005945357940356017
1582243200000,259.41,0.0010761341981617874,0.0001293334843012441,257.44,0.0010805912293616084
1582272000000,261.07,0.0008731336939063084,0.0001355511858967982,260.5,0.0008821601222144776
1582300800000,262.9,0.0012300309857219327,0.00016269285295163424,265.59,0.0012373467230134482
1582329600000,264.11,0.0012895747886175115,0.00012408538711383073,265.71,0.001287302951766836
1582358400000,258.34,0.0013425598324408345,0.00018236191326693468,258.89,0.0013260994842534445
1582387200000,262.24,0.0011937467883568543,0.00013721040231713322,261.37,0.001202992083209779
1582416000000,262.45,0.0011339424817234849,0.00014029469340053272,262.02,0.0011376739370083614
1582444800000,271.91,0.0010180610764141066,0.00012297634970856645,271.27,0.0010322497239431958
1582473600000,273.07,0.0008437781552495669,8.646603875046091e-05,270.8,0.0008443559371377723
1582502400000,273.23,0.0009878318585636783,0.0001582142120545457,275.48,0.0009908598083061743
1582531200000,267.07,0.0011953863757777202,0.00015592762595392767,267.89,0.0011740989868109521
1582560000000,268.56,0.0009975064783414,0.00012973662006491308,267.76,0.0010008482820071463
1582588800000,263.79,0.0011308827459588745,0.0001398116795832726,265.62,0.0011154817869171395
1582617600000,258.22,0.001218560414029782,0.00016845971762055733,257.65,0.0012005171529848053
1582646400000,253.45,0.0012034912515905623,0.00014480212701863514,251.64,0.0012090112594646794
1582675200000,251.77,0.001350388324343775,0.00017545107838815388,246.46,0.001341424073359256
1582704000000,241.47,0.009814141371649973,0.0012607926000545624,237.54,0.009610953645206831
1582732800000,231.24,0.010103802371620167,0.001264861930539408,226.07,0.010040075807209881
1582761600000,225.32,0.009998639914562856,0.0012448737485769978,223.53,0.0099958450429432
1582790400000,223.68,0.009628256459079106,0.0006654055298026764,225.26,0.009444013812157636
1582819200000,230.02,0.005520137385596378,0.0012433236328093348,231.06,0.00558431837194072
1582848000000,228.69,0.008504734141413225,0.0008160383391494786,227.64,0.008554318030798085
1582876800000,226.08,0.008982405503144867,0.0012595440448927929,224.05,0.009050186667522737
1582905600000,224.22,0.010107750206662934,0.0012501995552483573,227.02,0.010001624805071297
1582934400000,229.88,0.010029456207987522,0.001213415578647834,227.22,0.009923477749794091
1582963200000,228.71,0.008465325268282713,0.0012484387112010598,229.73,0.008545772835029528
1582992000000,223.33,0.01016169726339066,0.0012470443598732609,224.38,0.00999197489845606
1583020800000,223.28,0.008991793426245632,0.0012607581093666731,217.47,0.008987666657098298
1583049600000,220.41,0.009816485421011715,0.001252598303431278,219.99,0.00999737676432165
1583078400000,220.41,0.009930660210018823,0.0012473614494197616,220.2,0.009982556081192771
1583107200000,218.69,0.010197941152970071,0.0012487503272455463,217.46,0.010013028828946278
1583136000000,220.8,0.009897651686553452,0.001252508995395718,219.91,0.01000096951308291
1583164800000,227.81,0.009788032202238523,0.0012483558701339216,228.31,0.009969288742569795
1583193600000,230.75,0.009303084560035882,0.0012492562834458037,232.02,0.009438432095582101
1583222400000,227.02,0.010117633880556266,0.001248532678348332,226.94,0.010017197042487854
1583251200000,225.09,0.009934155303436377,0.0012497442409615364,224.79,0.009997699002860502
1583280000000,224.36,0.010071840403945091,0.0012497605556038337,223.78,0.010008775685882558
1583308800000,225.12,0.0098879702128399,0.0012436301400953105,226.7,0.009990805783738212
1583337600000,223.14,0.010117645842949835,0.00125191543279148,221.86,0.01000944985342337
1583366400000,223.42,0.009964569337435636,0.0012464171037464523,224.55,0.00999827540440884
1583395200000,228.88,0.007336601355646121,0.0006000164921119946,228.07,0.007414933589121384
1583424000000,229.67,0.0035481342104737735,0.00018360179240039447,231.68,0.003588493690631415
1583452800000,228.93,0.0019407925538013258,0.0007919742430696832,228.66,0.0019332533262482869
1583481600000,235.33,0.006583519059596877,0.00013373781876528066,235.85,0.006601847987035013
1583510400000,237.54,0.0018311221882275574,0.00014530896295914414,235.28,0.0018420620238981233
1583539200000,240.51,0.00101914407695983,0.0001550297779933645,245.63,0.0010318146681060874
1583568000000,242.78,0.0014456893888145543,0.0001852778781871338,243.55,0.0014373430446408748
1583596800000,245.25,0.001326068668189314,0.00017706578062918476,247.43,0.0013306623240453685
1583625600000,240.4,0.0013463440064125961,0.0001846715654586648,237.56,0.0013119887475005472
1583654400000,229.3,0.0013046861307083157,0.00016661194988550477,230.23,0.0012750786082839785
1583683200000,220.46,0.004891087943689891,0.0012681895114061504,216.99,0.004786593759708541
1583712000000,204.11,0.010276017382201063,0.0012474626323873356,199.49,0.01004717265173612
1583740800000,205.02,0.009827115370362563,0.0012442842138609197,205.84,0.009978971912771811
1583769600000,198.02,0.010174317607575182,0.0012739382182518069,194.27,0.010050528529698156
1583798400000,198.93,0.009880252097267846,0.0012465205649611702,202.76,0.009971181298652439
1583841600000,203.49,0.01005233071072577,0.0012491130160772446,203.3,0.009224351518468713
1583870400000,199.32,0.010068557569287257,0.001241025324828384,202.27,0.009976453786194175
1583899200000,200.89,0.010015363380588456,0.0012475315238968908,201.85,0.010008769406062674
1583928000000,197.27,0.0065933885933627924,2.3429226579538705e-06,196.77,0.006526278872699944
1583956800000,189.92,3.700637972967664e-05,1.6489381467320197e-06,190.12,3.630706551143166e-05
1583985600000,183.97,-0.00021776826534782031,9.233089158661698e-07,182.88,-0.00021924947260539276
1584014400000,133.9,0.0020453806400303914,0.00122186190382608,136.1,0.0015687848028610532
1584043200000,137.06,0.0069944608704839125,0.001222483095930111,137.89,0.00714924894556967
1584072000000,115.87,0.008027704298203838,0.0011309438986967268,130.52,0.00658441970939733
1584100800000,132.79,0.0006108451055117267,-0.0001954323259759892,128.85,0.0003144407249806294
1584129600000,119.71,0.005617935896981738,0.0009815988558464007,129.56,0.0054242409126575705
1584158400000,133.42,0.0013938923411633613,9.737282879572765e-06,134.15,0.0013910103977666155
1584187200000,129.55,0.00028108963284157167,3.780508937482334e-05,129.82,0.0002713804087181725
1584216000000,129.03,6.0065783574059365e-05,1.2824067505630774e-05,127.53,5.925089009641635e-05
1584244800000,121.01,0.0029635017990978126,0.0006339397354625528,120.88,0.0028415016973441522
1584273600000,126.35,0.00038994738239091605,1.245872773341815e-05,126.04,0.0003912169798543911
1584302400000,122.94,1.5428507570926887e-05,2.211365252372424e-06,123.05,1.538231651806393e-05
1584331200000,123.41,0.0009514370700471336,1.66697891744172e-05,122.0,0.0009574255265620425
1584360000000,101.2,0.004669519952179753,0.0011742784160983326,104.08,0.004207070876060347
1584388800000,114.35,0.0007201408240959563,-2.4889982324035525e-06,110.12,0.0007386435083832971
1584417600000,117.09,-6.879189429278582e-05,-1.4187796025028035e-05,118.19,-6.976261532696699e-05
1584446400000,117.18,-3.980855553251784e-05,8.85671151390502e-08,116.34,-3.987381429364628e-05
1584475200000,118.42,3.641455744595878e-05,-3.550599129308194e-08,117.97,3.6146896857019656e-05
1584504000000,117.24,-1.2673393139585594e-05,2.7566642751586975e-06,117.83,-1.37360823347348e-05
1584532800000,111.99,3.1701969998982294e-05,1.2365349396084157e-06,113.23,3.044903295590164e-05
1584561600000,115.95,2.1698572585549102e-05,6.766261629840722e-06,116.52,2.1778262227951932e-05
1584590400000,116.58,-0.00019798710668193968,-7.503294983083135e-07,116.34,-0.00019829828553134847
1584619200000,123.69,-6.0319042429322564e-05,-4.324292094419439e-06,124.54,-6.252245468953703e-05
1584648000000,135.01,1.6468332123795125e-06,4.020295097739125e-06,136.73,2.2812158060449336e-06
1584676800000,135.96,-0.00020999393441443863,1.5118272149874923e-06,134.95,-0.00021149802121391134
1584705600000,151.24,-1.5327233297612095e-05,-1.397865644745478e-06,146.23,-1.684016119735575e-05
1584734400000,130.75,0.0005764003489575246,0.00038540927572970797,131.4,0.0005221676422998396
1584763200000,134.46,0.0049592940142675745,0.00025461789470318606,134.31,0.004944521148545148
1584792000000,128.19,0.005408750577916396,0.0004914939923614798,130.73,0.005263758071352555
1584820800000,132.69,-0.00373182333033263,-5.034731734276043e-06,132.93,-0.0037376952821316024
1584849600000,133.92,-0.0007591917839478149,7.400009200494025e-07,136.19,-0.0007612724100249949
1584878400000,133.13,-7.317494745190252e-06,-5.1170105634119864e-06,130.97,-7.127471407673237e-06
1584907200000,126.09,-0.0015824018238859352,-0.00018596463949074302,123.79,-0.0015463947684586324
1584936000000,124.42,0.005800082226666148,0.0006662381125071732,125.35,0.005808296663878354
1584964800000,123.75,0.005549972420337584,0.0005578150451750098,123.17,0.005492828924053774
1584993600000,130.16,-0.007171072378836118,-0.0009090407539515268,130.55,-0.007590663512732263
1585022400000,136.8,-0.008025668818679887,-0.0006637417897104573,134.56,-0.00823750606175147
1585051200000,140.76,0.0018436988626298998,0.0010835005230753981,141.41,0.0019809176797456664
1585080000000,137.17,0.007116878970305527,0.00038705475260521514,139.89,0.006964156371267036
1585108800000,137.93,0.004730472416604969,-0.0004543541639677808,136.37,0.004718650066830641
1585137600000,136.71,-0.0004226629495192465,-0.00031019226405918927,134.6,-0.00040314131198648914
1585166400000,136.53,0.0028897972076339287,0.0006167598522292851,135.97,0.0029261609675999816
1585195200000,136.42,0.0045168434718489935,0.00028140178369034425,137.38,0.004513573895952503
1585224000000,135.32,0.005537177192839838,0.0005193825876928898,134.83,0.005474131691498905
1585252800000,135.24,0.006682672437439704,0.0007391339672941279,135.57,0.006687093346546007
1585281600000,139.55,0.005248350350605597,0.0005315773043087292,139.77,0.00533946367615797
1585310400000,136.04,0.005318614326099427,0.0005674945192824621,136.01,0.005238118686701232
1585339200000,137.0,-0.0017579730505540027,-0.0007251663288306031,136.86,-0.0017655315839886017
1585368000000,129.2,0.004302517783008979,0.0011980925263424488,126.21,0.004076348711907434
1585396800000,129.15,0.00669766764896291,0.0007782504033623214,128.22,0.006805792266190771
1585425600000,127.6,0.005186250009074875,0.0004747479457838789,128.58,0.005180131269757454
1585454400000,129.9,0.005397119564363586,0.00044071814478778684,130.2,0.005481625312014922
1585483200000,129.73,0.0038329806328753022,0.0005819144743486916,129.22,0.003819274941999858
1585512000000,126.83,0.0043313424887136,0.0006822591844361698,124.99,0.004307395778669797
1585540800000,126.7,0.0076349233205537945,0.0009157661563063545,127.0,0.007662673787789886
1585569600000,131.51,0.00758871880426362,0.0011856509444537876,133.94,0.007768526582630492
1585612800000,133.72,0.008599974194342339,0.0010158788928690621,132.34,0.008649253492869532
1585641600000,132.29,0.004429337522558546,0.0004927726604891837,132.0,0.004434866325025237
1585670400000,133.07,0.004929182398102044,0.0004235055977115598,133.01,0.004951139897136856
1585699200000,133.81,0.002742199531023297,0.0003496584366767551,133.09,0.0027456820440835894
1585728000000,132.32,0.0024412117273682615,0.0003697390975588636,132.58,0.002430054694920076
1585756800000,131.76,0.0008169665818164699,0.0005067670993354225,131.33,0.0008053369021517242
1585785600000,133.69,-0.0016524823420219043,-0.0010870962135223381,136.09,-0.0016743275904628836
1585814400000,137.45,-0.008514036604525965,-0.0010328672349863457,137.73,-0.00853569539146022
1585843200000,139.21,-0.007140672998881398,-0.001062434188680768,139.48,-0.007136503901423742
1585872000000,142.56,0.004172004837532558,0.000392690417193032,141.46,0.004266752121728209
1585900800000,142.35,0.002928427844866212,-6.705191717868729e-05,144.89,0.0029351025426228587
1585929600000,141.94,0.006958798173210012,0.0011874730162756218,141.54,0.0069459766524463135
1585958400000,142.03,0.009883412068180683,0.0012503043306804286,141.46,0.009878290177950751
1585987200000,140.94,0.010039432850911923,0.0012479029014290381,141.25,0.009990009746067183
1586016000000,141.85,0.00370851442082637,-0.0006930118637528599,142.52,0.0037380722559471375
1586044800000,144.17,0.004042429549920272,0.000551745594539489,144.43,0.004073713463238354
1586073600000,143.19,0.006435628614181789,0.00026150195716771214,142.83,0.006430825951024048
1586102400000,143.33,0.0046646449686495685,0.0006317853439609315,143.82,0.0046742115723301565
1586131200000,143.49,0.0042046885123091385,0.00048622198894206464,142.79,0.004186795169418126
1586160000000,150.55,0.004539239624664326,0.0007663279723572336,149.72,0.004634427539490854
1586188800000,156.32,-0.004297317285796936,-0.0008200795142575542,161.54,-0.00446075632307608
1586217600000,165.84,-0.008519155570677395,-0.0008466787433458347,171.56,-0.00869647512783476
1586246400000,171.17,-0.0027848870716814956,-0.0011462576661963825,173.94,-0.002778511977022841
1586275200000,168.37,-0.0050777908721721735,0.00037802695184360616,169.33,-0.005079619496431827
1586304000000,166.34,-0.0014591636234966186,0.0012454550058137884,164.56,-0.00155579693181188
1586332800000,170.09,-0.0006694024380489677,-0.0006135406845473738,170.33,-0.0008472933825499715
1586361600000,168.54,0.00400410469809055,9.009182902832115e-05,169.25,0.003934185303854253
1586390400000,172.9,-0.004562703388366037,-0.000492798188775281,173.4,-0.004613646916214551
1586419200000,171.2,-0.0011606870990518055,-0.0002873202895265214,172.66,-0.001158788634846682
1586448000000,171.25,0.0019012337704723535,0.000904817248428107,170.08,0.0018705177406913797
1586476800000,171.0,0.0005333135691155387,-2.320249877874048e-09,169.77,0.0005330313476501794
1586505600000,160.7,-2.066189187828615e-05,-3.2663926966471467e-06,158.28,-2.001181764834774e-05
1586534400000,157.46,-9.469545711134441e-05,-1.799682350456385e-05,153.39,-9.471172039090585e-05
1586563200000,158.28,-0.00030448122665194857,-5.385073271461407e-07,158.1,-0.0003119890569148211
1586592000000,160.57,-0.0001085825920646621,-1.1487673133023278e-07,158.97,-0.00011012218622803741
1586620800000,156.9,-2.4657264517376457e-06,-1.7810253655996919e-06,157.64,-2.440859827540314e-06
1586649600000,157.86,-4.185134808548464e-05,-2.2559741733524112e-07,158.56,-4.141169908794999e-05
1586678400000,157.05,-4.282507806192713e-05,-2.5440522080684244e-06,157.34,-4.236456313075716e-05
1586707200000,160.71,-3.000248910634218e-05,-1.916132436193894e-06,162.35,-3.0452195686040962e-05
1586736000000,162.12,-5.556190411248772e-06,0.0,158.77,-5.5880570102958115e-06
1586764800000,153.65,-0.00016591213762629132,-2.241535190506961e-05,152.62,-0.00016191929553550252
1586793600000,153.53,-0.00018481395177427645,-6.827520703021494e-06,154.37,-0.00018503579536098723
1586822400000,158.28,-1.2649570499341042e-05,0.0,156.78,-1.2639267563139793e-05
1586851200000,157.43,-1.8127623088259896e-06,-4.8320634302126364e-09,156.89,-1.8300985253231777e-06
1586880000000,159.32,-1.3286631735571391e-06,0.0,160.18,-1.331201570454064e-06
1586908800000,159.63,-2.546793577830513e-06,-3.782645068320731e-08,158.66,-2.5524536284756484e-06
1586937600000,160.03,-2.2057512535517977e-06,0.0,159.73,-2.197238543973997e-06
1586966400000,156.99,-3.866743753085941e-05,-7.769615716272479e-07,155.8,-3.79603829494997e-05
1586995200000,155.67,-6.591040843993733e-05,-2.104950725916036e-05,152.72,-6.628516270400398e-05
1587024000000,155.51,-0.00024142953549967779,1.3781441882514087e-06,164.7,-0.00024145393480710253
1587052800000,170.72,-6.969763843100686e-06,2.1011898843422608e-07,172.79,-7.239246262820424e-06
1587081600000,174.2,-1.8876991908726998e-07,0.0,172.58,-1.8906667991157123e-07
1587110400000,169.67,-1.6853373393151125e-05,-1.6077178805546212e-06,170.05,-1.681898003478496e-05
1587139200000,169.69,-5.369877562729624e-07,-5.310502175248005e-09,170.1,-5.396374422765433e-07
1587168000000,170.52,-2.245543591943996e-06,-1.9532520851684144e-06,170.86,-2.251681999641033e-06
1587196800000,173.43,-2.0189073532760265e-08,1.964344412716582e-09,173.59,-2.0159964583085177e-08
1587225600000,183.14,6.760262417353547e-06,4.833562412484308e-07,184.62,6.825942782353228e-06
1587254400000,188.07,-2.2929338559926483e-06,-3.0650255450847576e-06,187.75,-2.304171516099203e-06
1587283200000,183.18,-4.652458060526099e-05,-1.4014977945259756e-05,182.56,-4.559996081527522e-05
1587312000000,179.36,-1.836113974029576e-05,-8.130345502245116e-08,179.09,-1.840429496302518e-05
1587340800000,182.8,-1.0678603697921352e-05,-7.309163551551535e-06,180.29,-1.0888038528272896e-05
1587369600000,183.59,-2.0676517584392707e-06,0.0,184.24,-2.081735799221064e-06
1587398400000,179.85,-1.1440702442355331e-05,-2.774433109160596e-07,179.65,-1.1289226444075664e-05
1587427200000,172.88,-0.00017085461551311957,-4.78074569665466e-06,170.53,-0.00016179259470329785
1587456000000,172.94,-3.817746792249811e-05,-1.8369107191773951e-06,173.36,-3.853423659896966e-05
1587484800000,170.86,-8.698108813665398e-06,-8.892806570631896e-07,170.56,-8.667023994276396e-06
1587513600000,173.08,-2.3867070417309777e-05,-1.3444485201068617e-07,171.02,-2.4079664732403305e-05
1587542400000,174.58,-5.779613639174027e-06,-6.747278069115092e-07,175.28,-5.803350332914885e-06
1587571200000,182.22,-9.518643105264149e-06,-2.8255475202762432e-08,183.14,-9.543617813373841e-06
1587600000000,182.36,-1.6295712852022272e-06,0.0,183.06,-1.6264469225007677e-06
1587628800000,178.88,-5.190079778292736e-07,0.0,180.05,-5.156908176956547e-07
1587657600000,189.62,3.867699793340159e-06,1.5930151202133373e-07,189.46,4.0013407398900374e-06
1587686400000,189.07,-1.0479593801773276e-07,-2.1829498092036806e-08,185.65,-1.0592277228578646e-07
1587715200000,188.44,-2.89912692980241e-09,0.0,189.64,-2.944882070682136e-09
1587744000000,187.28,-1.0062037478680337e-05,-4.6786963123446984e-07,187.67,-9.887382328673607e-06
1587772800000,186.65,-6.443896704967393e-07,-2.604197870529768e-07,187.76,-6.43585979226707e-07
1587801600000,196.14,3.3517423508620976e-06,-1.2294708372165027e-07,194.88,3.3722683834028727e-06
1587830400000,195.61,-1.0818352207827885e-05,-1.1329421254414261e-05,193.47,-1.0860906546526443e-05
1587859200000,193.6,-3.3518401260392844e-06,-2.8347685477177734e-08,194.45,-3.3553156184656957e-06
1587888000000,193.82,-3.899112462020809e-07,0.0,193.73,-3.885991614997286e-07
1587916800000,197.27,-8.190607116431882e-06,-4.057326445320964e-06,194.11,-8.361509642168157e-06
1587945600000,194.91,-2.2347586369597054e-05,-1.1258559361753019e-06,197.86,-2.252267323650987e-05
1587974400000,194.57,-4.964513341001315e-07,-4.607343706170288e-07,196.34,-4.884869285369893e-07
1588003200000,192.12,-4.312679372234291e-07,-3.282261487539749e-08,193.02,-4.2297780482438415e-07
1588032000000,197.09,-6.797682829218469e-06,-4.784098432286104e-09,196.75,-6.804472897141059e-06
1588060800000,195.83,-1.0917551168559642e-05,-1.5012152181357574e-08,195.53,-1.0769894482051594e-05
1588089600000,194.58,-1.474027715954558e-07,-1.3593212972128674e-07,195.75,-1.468217201116829e-07
1588118400000,197.37,-3.003924543751949e-07,0.0,196.77,-3.016124937897822e-07
1588147200000,205.89,4.869930054260042e-07,1.9688514069454054e-08,205.61,4.970259861487469e-07
1588176000000,209.91,2.552167366966457e-06,0.0,210.27,2.6298832642169297e-06
1588204800000,215.0,3.2819131494199814e-06,2.5001362966294684e-07,215.59,3.3353149822028597e-06
1588233600000,223.54,3.072988271861858e-05,7.658904067082832e-06,220.48,3.212624077123351e-05
1588262400000,211.56,2.999420522964273e-05,-2.0226629388221864e-07,208.36,2.957068664333998e-05
1588291200000,210.49,5.48105769616184e-07,0.0,206.2,5.449946654702204e-07
1588320000000,213.03,0.0,0.0,212.81,0.0
1588348800000,212.21,3.913363070698739e-09,0.0,209.9,4.404742006166171e-09
1588377600000,212.2,-2.6176786849376745e-08,0.0,212.09,-2.6496046374552565e-08
1588406400000,212.64,-4.545158033495026e-09,0.0,211.19,-4.545158033495025e-09
1588435200000,213.45,7.218499196117156e-08,0.0,213.17,7.286487793918181e-08
1588464000000,214.23,5.754057141289973e-07,2.0718929906834213e-07,214.15,5.764308770707535e-07
1588507200000,214.03,6.535092864262035e-05,6.426753945714439e-05,211.8,6.611186803952068e-05
1588536000000,208.15,6.958108256552355e-05,-9.785193923006813e-07,208.95,1.4293936419896659e-05
1588564800000,203.87,-4.697151538964005e-06,0.0,203.69,-4.680758316407005e-06
1588593600000,198.97,-1.5962290968970635e-05,0.0,199.88,-1.564190272250298e-05
1588622400000,204.27,-9.215268188154704e-06,-4.615635063506866e-07,203.98,-9.450056466006893e-06
1588651200000,205.95,-0.008082211583705621,-0.0012496073136572976,206.31,-0.008227279668436716
1588680000000,203.48,-0.005699116867428991,-7.547082472365421e-07,203.62,-0.005763531850671625
1588708800000,203.8,-1.4432942517162642e-05,-1.3306561369586515e-06,204.48,-1.4475659506008916e-05
1588737600000,204.79,-0.00012367706019132956,-4.988345049645721e-07,206.81,-0.00012395409597782206
1588766400000,209.09,-0.000422573793596978,-6.335689103997e-09,210.5,-0.0004255746133770857
1588795200000,207.12,-1.6017988561997271e-06,-6.843268409631703e-07,205.0,-1.582332774170262e-06
1588824000000,206.88,-7.543644497506598e-05,-4.461483683548527e-08,206.23,-7.577713033487111e-05
1588852800000,204.52,-1.997876173310753e-06,-4.5954722013426535e-07,204.21,-1.985224207179899e-06
1588881600000,212.99,-1.0526062083348986e-05,-8.695992921104656e-09,213.21,-1.0648547228067123e-05
1588910400000,212.92,-5.3387299810098537e-05,-9.681806859759364e-09,213.17,-5.32261678881396e-05
1588939200000,212.13,-1.4686413182740488e-06,-2.2680544134057483e-07,211.69,-1.4512823196644737e-06
1588968000000,212.63,-1.05646434633623e-05,-1.5899854829170926e-06,213.24,-1.059012821833347e-05
1588996800000,212.76,-0.00028606930900907464,-4.514060539782705e-07,214.04,-0.00028788187048124457
1589025600000,211.15,-8.885950315050863e-06,-4.550211666918622e-07,210.28,-8.82414062785566e-06
1589054400000,211.23,-3.8043993371609134e-06,-6.485234329011133e-07,212.52,-3.838652300815616e-06
1589083200000,187.79,-0.00017474519363282456,-4.0635974511303055e-06,185.97,-0.0001724312042336695
1589112000000,191.11,-2.585691978904226e-05,-1.4201848392232662e-06,189.95,-2.6311962516952045e-05
1589140800000,184.4,-2.197155747914416e-05,-1.1072881155924834e-06,185.62,-2.153925705288355e-05
1589169600000,190.15,-2.3062200754515026e-05,-2.3956038726110092e-08,188.72,-2.3437169255169013e-05
1589198400000,187.79,-7.291125959599786e-06,-2.9021378015735768e-06,189.09,-7.228828820713622e-06
1589227200000,183.85,-5.504077275969337e-05,-1.1703009082970598e-05,187.45,-5.431083721097878e-05
1589256000000,188.16,-3.5492707519834236e-05,-1.2870343646822311e-05,188.64,-3.5128173590724375e-05
1589284800000,190.25,-6.711678605805388e-05,-7.760638204319394e-07,190.91,-6.725764756842268e-05
1589313600000,190.77,-1.6782802055161794e-05,-4.017517233841791e-06,189.75,-1.67762793487012e-05
1589342400000,191.34,-0.0002804392713604984,-9.89194079907481e-06,190.94,-0.00027970771829727477
1589371200000,190.65,-1.5092450253889926e-05,-1.007027053272738e-06,191.16,-1.5044775964308957e-05
1589400000000,196.44,-3.3921073590931196e-05,-4.855907372417988e-06,197.12,-3.4721013415620674e-05
1589428800000,198.97,0.00011398566516501766,-5.5899267280796635e-06,199.23,0.00011504995810047504
1589457600000,202.06,-1.894767525973844e-05,0.0,202.43,-1.892043962682811e-05
1589486400000,200.38,-1.0100448569165492e-05,-5.43455550882015e-07,203.48,-9.995444720162234e-06
1589515200000,199.57,8.896612483630593e-05,-3.2043776421485045e-07,199.44,8.883040073919483e-05
1589544000000,199.9,-4.194988675590784e-06,-1.553106901995665e-08,200.86,-4.208312206625225e-06
1589572800000,197.97,-4.042993802815883e-06,-4.029775747833462e-06,194.58,-3.9528007889056734e-06
1589601600000,199.03,-0.00015652407576340248,-9.017649332547389e-10,198.68,-0.00015603024274875156
1589630400000,200.97,1.9201869527746583e-05,-2.3682712132810745e-07,200.21,1.93843160215424e-05
1589659200000,198.92,-9.610504128811234e-06,-6.650178600377456e-07,200.08,-9.673057630855904e-06
1589688000000,201.84,-0.00021480365940280648,-3.516607665469746e-06,201.51,-0.00021552215637018487
1589716800000,201.78,2.1950596178025958e-05,3.813121299516316e-06,201.27,2.1937636435591223e-05
1589745600000,207.7,2.061732459552917e-05,-2.4719706955735077e-06,207.87,2.0767904489202377e-05
1589774400000,214.45,0.0001381792610965927,-1.3132110637518192e-06,215.04,0.000138721453917943
1589803200000,211.8,-1.0789117170193842e-05,-8.492325928891969e-11,211.88,-1.0774999676402292e-05
1589832000000,211.92,-5.952155441622101e-06,-5.393810806751341e-07,213.02,-5.957429942423425e-06
1589860800000,211.66,5.544773617463776e-05,-3.905442521530901e-06,210.12,5.5413750152876204e-05
1589889600000,213.75,1.9164146673025015e-05,-6.73708353455846e-06,212.7,1.9395990911407114e-05
1589918400000,213.14,-1.9164995262145784e-05,-1.3209380564018597e-06,211.48,-1.9125897176730742e-05
1589947200000,213.23,-1.65093332401123e-05,-4.7432393784779935e-06,212.88,-1.664547897206354e-05
1589976000000,213.41,-1.1098990013727091e-06,-6.740020201394166e-09,212.84,-1.0960232681574578e-06
1590004800000,209.81,-1.8257282869900455e-05,-5.1280070467838665e-06,209.58,-1.816634249769911e-05
1590033600000,209.55,3.2229033597470996e-05,-8.678615907708422e-06,209.0,3.23501234539159e-05
1590062400000,206.87,-1.1414532555634867e-05,-4.963944865986887e-07,207.49,-1.1422025581763113e-05
1590091200000,192.05,0.00020868645460402898,-6.254017550863235e-06,198.35,0.00020120337057015698
1590120000000,198.25,-8.787372867758156e-05,-3.222171205727112e-06,196.96,-8.810416500266328e-05
1590148800000,203.09,-2.4260831005348103e-05,-2.0251377714619953e-06,203.2,-2.4796507309390214e-05
1590177600000,208.13,-1.1452774705865844e-05,-1.4504465473277923e-06,207.68,-1.15840720223993e-05
1590206400000,210.29,5.001069166571277e-05,-3.6022821689107983e-06,210.08,5.013319314820257e-05
1590235200000,206.45,-8.951263076239596e-06,-2.4345184951650916e-07,207.4,-8.888722106128941e-06
1590264000000,206.82,-2.0967458175991594e-05,-1.7307129424590912e-06,207.26,-2.0952262892906583e-05
1590292800000,209.03,0.00010439735854747168,-7.614588339664956e-07,208.64,0.00010480236770673472
1590321600000,209.64,-8.816548387060625e-06,-2.8979641667795827e-06,205.89,-8.846099792140974e-06
1590350400000,203.65,-3.070069324948633e-05,-2.7441056610259643e-06,206.4,-3.0580723189883075e-05
1590379200000,202.41,0.00021841550124445533,-1.226821055272914e-07,202.24,0.00021877325382896104
1590408000000,201.82,-5.779262064895893e-06,-4.5336326496740635e-07,202.37,-5.7943465886872365e-06
1590436800000,204.5,-1.5679601478428721e-06,-1.2457646255835304e-06,204.76,-1.5823901457187164e-06
1590465600000,204.06,2.2588993660845213e-05,-5.227372358217952e-06,204.48,2.279038478425815e-05
1590494400000,202.2,-1.2027180139708956e-05,0.0,202.03,-1.1988411754968857e-05
1590523200000,200.04,-1.2786930836647363e-05,-5.1530933603959e-06,199.17,-1.2621790404974402e-05
1590552000000,201.34,-0.00017622617560825876,-4.318862526943472e-06,201.65,-0.00017838183714824645
1590580800000,206.21,-8.818732584112013e-05,-1.5848270314733203e-06,206.49,-8.866973311267702e-05
1590609600000,206.82,-1.0935774645083438e-05,-9.183348564993396e-09,206.46,-1.0932028240357118e-05
1590638400000,207.34,-0.00022142719907294347,-1.4659618187689078e-05,206.36,-0.0002210925863349354
1590667200000,206.12,-2.388827313593622e-05,-8.276236630469621e-07,207.65,-2.390741153145489e-05
1590696000000,213.83,-7.3049838051529995e-06,-4.7023880594505717e-07,214.74,-7.362856482334884e-06
1590724800000,222.09,-1.1840773034032655e-05,0.0,221.68,-1.1902426731262301e-05
1590753600000,218.07,5.409835019607314e-07,0.0,218.92,5.307205564815601e-07
1590782400000,220.73,-7.64309403897499e-06,-2.1645968662072077e-07,219.8,-7.663895781053117e-06
1590811200000,219.68,-0.0001259395679105323,-8.144463169895695e-06,222.61,-0.00012579222298478835
1590840000000,234.54,-1.1861745621691336e-05,-2.4307201573977145e-08,236.71,-1.218775616822179e-05
1590868800000,237.17,-7.169487022189461e-06,-4.075002485450252e-06,237.29,-7.17558061963806e-06
1590897600000,242.84,-0.0002909041706269329,-2.1889971937366568e-05,237.49,-0.0002918183771955405
1590926400000,239.68,-1.0627662933111177e-05,-5.310657975805301e-07,238.84,-1.0668333044704006e-05
1590969600000,233.62,-3.253286131086953e-05,4.298646204798347e-06,231.48,-3.245124492290992e-05
1590998400000,238.02,-2.713595022765921e-05,-1.1494009432339257e-05,238.63,-2.7865464693969636e-05
1591027200000,239.39,-1.6016972487139293e-05,-3.4428395046288682e-06,238.09,-1.5967533923462813e-05
1591056000000,245.91,-5.788142456826693e-05,-2.3726586453581453e-05,248.41,-5.896678181857371e-05
1591084800000,247.86,-4.6999720999418536e-05,-4.3978191913592836e-07,248.69,-4.6812133515838236e-05
1591113600000,234.78,-3.901585229195409e-05,-2.851488642855206e-06,233.59,-3.9107541295911424e-05
1591142400000,237.3,1.4744478804232417e-05,1.0039701523507263e-06,237.77,1.53010147244547e-05
1591171200000,236.58,1.6140516752664332e-05,4.368274274604404e-06,236.86,1.6049727844324157e-05
1591200000000,239.44,8.380275568282593e-06,-1.056040043820376e-06,239.23,8.375672815293974e-06
1591228800000,243.09,-0.00023402729676904173,-3.6108981701806757e-07,244.62,-0.00023621722693718223
1591257600000,243.98,-9.752198852280368e-07,3.0080214787050375e-07,243.35,-9.756269902213863e-07
1591286400000,243.52,-1.982699629371235e-05,-1.7012099377820886e-05,245.21,-1.9831000091950177e-05
1591315200000,243.56,-0.0002553479559866286,2.003592711745517e-08,243.24,-0.00025187845791521115
1591344000000,244.18,-7.467623746798599e-07,-3.5520177849806204e-07,243.59,-7.48244142284343e-07
1591372800000,241.81,-3.3007066550345692e-06,0.0,241.75,-3.334961697785721e-06
1591401600000,240.8,4.5777596417146706e-06,-4.693061891776865e-07,239.95,4.5755809105753305e-06
1591430400000,240.53,0.0,0.0,240.1,-8.470329472543003e-22
1591459200000,242.13,7.931238201614963e-06,1.5272032176043323e-06,242.35,7.96816733682317e-06
1591488000000,241.62,1.1003202888228998e-05,2.151406580698857e-06,241.97,1.0986973230630503e-05
1591516800000,242.17,4.515344336448011e-05,2.682892965075161e-06,242.24,4.526477708393539e-05
1591545600000,236.79,1.586155519439213e-05,0.0,237.28,1.5808011350173597e-05
1591574400000,243.5,2.3908243363224553e-05,5.170063992722854e-06,244.8,2.4428674714140072e-05
1591603200000,243.75,7.611884700477896e-05,6.129490459179604e-06,243.71,7.59207929074598e-05
1591632000000,241.33,5.8125498368917745e-05,0.0,243.01,5.8120492602782295e-05
1591660800000,242.71,9.873136224627089e-06,9.440388735493215e-06,246.54,9.860980841502582e-06
1591689600000,243.28,2.119952320332796e-05,1.094189773915423e-06,243.34,2.0917938039675537e-05
1591718400000,243.23,1.7718451943565098e-06,3.904443575253782e-08,243.48,1.7687839638553558e-06
1591747200000,244.71,2.790291679189357e-05,1.4638891794415686e-05,244.04,2.7983357372199012e-05
1591776000000,244.34,1.179109181333459e-05,1.90179063872422e-06,243.68,1.1795393917857219e-05
1591804800000,243.5,1.7050612682315685e-06,0.0,243.61,1.7010253898734265e-06
1591833600000,247.7,5.112191606025396e-05,6.5993270376778095e-06,248.0,5.170953373540643e-05
1591862400000,247.02,1.560185891822528e-05,4.631538489361146e-07,246.11,1.5620799669464438e-05
1591891200000,240.69,2.1304796364924832e-05,3.2530075087656384e-08,238.69,2.1254184028912833e-05
1591920000000,231.7,-1.742985668810585e-07,1.4334383671762733e-08,230.17,-1.660668894839292e-07
1591948800000,233.58,1.933871378808822e-06,1.944139372900068e-06,235.3,1.962522427504837e-06
1591977600000,236.24,-1.6560168011971364e-05,6.638066703765918e-07,236.23,-1.65575360447227e-05
1592006400000,237.57,-2.0189140627420214e-06,0.0,237.55,-1.983703811458739e-06
1592035200000,236.35,2.3682958626295455e-09,0.0,236.62,2.3519455986231787e-09
1592064000000,237.84,3.1089966933651725e-10,0.0,237.17,3.0938866173049496e-10
1592092800000,237.99,2.5246636137162745e-06,0.0,238.17,2.5248142267355317e-06
1592121600000,234.4,7.962467416099748e-07,0.0,234.99,7.93178843992529e-07
1592150400000,234.15,7.673393602845105e-07,0.0,235.39,7.684089884896716e-07
1592179200000,233.52,2.1052074671520435e-06,1.0568005452736367e-06,231.48,2.085173791182717e-06
1592208000000,221.5,1.281514708513873e-05,1.283093598680386e-09,224.18,1.2688930469887162e-05
1592236800000,224.28,9.172978480939655e-07,-2.6686957636388462e-08,226.42,9.099430287724197e-07
1592265600000,230.91,-3.7800439545151576e-07,0.0,231.02,-3.792941881629587e-07
1592294400000,232.02,2.4851746221242885e-06,5.0081981781159634e-08,232.88,2.504049014649745e-06
1592323200000,232.35,1.6053498857799015e-07,0.0,232.88,1.6164810787829914e-07
1592352000000,235.16,1.5820334423177564e-07,0.0,235.32,1.5888781553116026e-07
1592380800000,234.3,5.3818593328550177e-08,0.0,234.7,5.3182460144699916e-08
1592409600000,231.81,2.747163661369122e-06,1.308908805388886e-06,231.24,2.7232438074931805e-06
1592438400000,232.23,6.144907255833744e-06,1.8402803138094908e-08,233.64,6.130919294497516e-06
1592467200000,233.01,1.0006309953415919e-05,7.710302344109271e-07,233.31,9.969457010822061e-06
1592496000000,232.4,1.636631757435971e-05,0.0,231.04,1.636868449099323e-05
1592524800000,230.5,0.0,0.0,231.08,0.0
1592553600000,228.39,0.0,0.0,228.0,0.0
1592582400000,230.27,8.983754557729925e-09,0.0,230.66,9.08209748950745e-09
1592611200000,229.49,2.2152792480106975e-06,3.7255983118123516e-07,228.66,2.2019317935077675e-06
1592640000000,229.88,1.5361721945943515e-06,1.4282800377223718e-06,229.62,1.5439793988306276e-06
1592668800000,226.94,9.91872146166569e-06,2.0608818371505653e-06,226.63,9.849505324287353e-06
1592697600000,229.31,-6.010260058141453e-06,0.0,228.81,-6.010238710192962e-06
1592726400000,230.21,2.4294424336098928e-05,1.85510732332212e-05,230.25,2.4429181867964264e-05
1592755200000,229.32,5.011481139906646e-06,8.622417414615859e-08,230.38,5.006667075154537e-06
1592784000000,227.99,4.149954582762483e-06,0.0,227.81,4.142722036981683e-06
1592812800000,234.08,4.765885847810881e-07,9.997480380036098e-09,234.8,4.859570147668717e-07
1592841600000,237.88,2.7915480823409405e-06,3.431602096903765e-07,241.56,2.804127156898736e-06
1592870400000,243.24,2.6820949692264343e-06,0.0,243.22,2.6863323218892946e-06
1592899200000,242.59,2.163315642721937e-06,3.828000896409126e-07,244.1,2.1515565438132006e-06
1592928000000,243.04,3.635826030544449e-06,1.1329709789513828e-07,244.43,3.618162787158992e-06
1592956800000,242.63,1.8982208653187456e-06,4.4978208576851547e-07,243.06,1.892814819878133e-06
1592985600000,248.04,5.432647235976583e-06,2.154928091953697e-06,242.16,5.518977535502067e-06
1593014400000,235.23,9.898873462429491e-06,2.2996537884934275e-06,231.82,9.806672435700576e-06
1593043200000,234.69,-3.556773107880707e-10,0.0,234.43,-3.5879190375200735e-10
1593072000000,231.92,0.0,0.0,231.07,0.0
1593100800000,233.92,-5.5647015012040855e-06,0.0,233.52,-5.6305761575035905e-06
1593129600000,232.67,-9.15133576862807e-06,-1.1071436714294348e-06,232.32,-9.166755527629088e-06
1593158400000,231.09,-4.001882962747423e-07,-3.9806953075985796e-07,228.57,-3.9806953075985796e-07
1593187200000,228.69,-3.917430355099179e-05,-3.173457951476412e-07,229.87,-3.92398934466817e-05
1593216000000,229.87,0.0,0.0,229.39,0.0
1593244800000,230.32,0.0,0.0,230.29,0.0
1593273600000,228.8,2.8722710422661198e-06,2.8536871530265674e-06,227.41,2.8536871530265674e-06
1593302400000,219.42,-2.1185101342962e-05,0.0,220.74,-2.086350267733726e-05
1593331200000,220.24,-5.031890276248596e-07,0.0,220.52,-4.995745102412383e-07
1593360000000,226.07,-6.980887536232616e-08,5.2788263521929804e-09,226.01,-7.062400358205901e-08
1593388800000,224.53,4.960642925525083e-07,0.0,224.84,4.940852661321939e-07
1593417600000,223.16,2.3703773067329063e-09,0.0,222.62,2.3703773067346008e-09
1593446400000,222.38,2.3016132544429036e-07,0.0,223.95,2.31703543352026e-07
1593475200000,227.77,5.896915587376159e-07,0.0,227.79,5.977219678898837e-07
1593504000000,227.13,2.895689278360159e-07,2.887299292304065e-07,226.52,2.887299292304082e-07
1593532800000,226.4,4.3766142448427895e-06,0.0,226.22,4.37497695535415e-06
1593561600000,225.09,0.0,0.0,225.54,1.6940658945086007e-21
1593590400000,225.18,0.0,0.0,225.63,1.6940658945086007e-21
1593619200000,228.75,-5.623784195250331e-05,0.0,229.51,-5.671287024433819e-05
1593648000000,231.07,0.0,0.0,231.11,0.0
1593676800000,228.39,-1.3320822361170769e-07,0.0,228.7,-1.3233738413301262e-07
1593705600000,228.86,6.725762411693723e-06,4.0270962725887726e-08,225.1,6.7507856200965894e-06
1593734400000,226.99,9.68375186900038e-08,0.0,226.47,9.715586504198337e-08
1593763200000,226.67,1.2497979270108635e-08,1.2509016475274978e-08,227.17,1.2509016475274978e-08
1593792000000,226.74,1.8495841335253615e-11,0.0,226.89,1.849584133525361e-11
1593820800000,226.12,0.0,0.0,225.01,0.0
1593849600000,226.18,0.0,0.0,226.08,0.0
1593878400000,225.94,-4.0281235281655194e-07,0.0,225.97,-4.032043322823147e-07
1593907200000,228.9,4.283130958509947e-07,0.0,229.29,4.320710470626948e-07
1593936000000,226.7,1.7872889526104298e-08,0.0,226.73,1.7791822732492938e-08
1593964800000,225.29,-3.727689819584417e-09,0.0,225.0,-3.730320561023171e-09
1593993600000,227.53,-1.198484598252286e-06,-1.9228101585922495e-06,227.88,-1.2186121998865864e-06
1594022400000,232.62,9.186502807693178e-06,3.619672767884657e-06,232.72,9.279721649025287e-06
1594051200000,235.95,1.3621455437164623e-05,8.460871313188275e-07,238.66,1.3674727757817134e-05
1594080000000,239.47,5.0219231116388114e-05,1.9816637696095466e-07,241.77,5.023056332026581e-05
1594108800000,237.34,8.96562474576061e-06,1.1640806796254588e-06,237.02,8.886897669450343e-06
1594137600000,237.25,9.921541818325825e-07,0.0,238.87,9.903848152398068e-07
1594166400000,238.93,1.8014009429060284e-06,1.1466226950553144e-08,239.43,1.7956938119451519e-06
1594195200000,239.9,1.0779350894896198e-05,3.74404009329523e-06,240.79,1.0818747257329186e-05
1594224000000,245.78,1.669045689335135e-05,4.9879626442863445e-06,245.92,1.683923712999752e-05
1594252800000,247.45,0.00012272032468888842,1.2218618585170464e-07,247.1,0.00012295370012807745
1594281600000,247.45,5.3432138778081596e-05,3.5079941037861347e-06,246.73,5.296284191930607e-05
1594310400000,242.32,3.3648037616842055e-05,1.615805720371862e-05,239.95,3.3294454311042626e-05
1594339200000,241.78,6.437409870176193e-06,1.327290957292343e-06,242.01,6.450888166307747e-06
1594368000000,237.23,0.00010592411716178095,2.6158795026612597e-05,237.7,0.00010438189092272844
1594396800000,239.29,7.891624102998613e-05,2.103839978438216e-06,240.5,7.933829012681768e-05
1594425600000,239.92,1.98501883208068e-05,2.3802806500989998e-07,241.19,1.975012006436888e-05
1594454400000,239.88,7.473882047658047e-06,3.863748726897386e-07,240.58,7.456289176846013e-06
1594483200000,240.27,5.232908955941557e-06,0.0,239.54,5.1933255693624604e-06
1594512000000,238.76,1.8089243289716197e-06,3.119252633338355e-08,239.17,1.8045833354196172e-06
1594540800000,240.5,-8.612724329406641e-06,1.4535919170250136e-07,240.46,-8.675463255377548e-06
1594569600000,237.81,3.996731398093488e-06,0.0,237.7,3.9914808685477325e-06
1594598400000,240.66,3.6081340823243183e-06,5.28501817888739e-07,242.87,3.632116602823869e-06
1594627200000,241.96,3.9917428309581863e-05,3.6466474049432517e-07,242.65,3.980074851999581e-05
1594656000000,243.1,4.4066813612865266e-05,6.0426796667409636e-06,242.64,4.42930857248007e-05
1594684800000,239.61,1.215986348293527e-05,0.0,239.47,1.2132642074501279e-05
1594713600000,238.29,7.543681577824088e-07,0.0,238.32,7.518972266266177e-07
1594742400000,239.22,7.518190004749127e-06,1.2540048739153186e-06,240.26,7.547260808044099e-06
1594771200000,240.46,1.7454215826622845e-05,6.653838863078997e-06,240.41,1.7487347264209478e-05
1594800000000,239.5,5.010324938422538e-05,5.336703023914373e-06,239.56,4.998843436821345e-05
1594828800000,239.82,8.823670694296872e-05,3.0007799472144577e-06,238.04,8.816585477780791e-05
1594857600000,238.23,7.97805519990244e-05,1.0149105132902003e-05,238.39,7.980198527846868e-05
1594886400000,235.0,8.240938702784931e-05,6.458485979365973e-07,232.28,8.23816864821151e-05
1594915200000,232.59,4.7809243035646584e-06,5.019705292425962e-08,232.94,4.7605651668470015e-06
1594944000000,233.39,6.085989423744783e-06,6.637609860147039e-07,233.45,6.084177496798804e-06
1594972800000,232.82,3.9758456326924043e-05,8.278902459600984e-06,232.85,3.957417761274173e-05
1595001600000,233.13,1.8025512908640542e-05,2.1288139120728803e-08,233.05,1.8025011537651515e-05
1595030400000,232.96,2.959072577626586e-06,0.0,232.7,2.9524764152058538e-06
1595059200000,233.14,0.0,0.0,233.34,3.3881317890172014e-21
1595088000000,234.91,9.287372511398961e-08,0.0,235.05,9.346279305420344e-08
1595116800000,235.58,0.0,0.0,235.8,3.3881317890172014e-21
1595145600000,234.59,1.0221140511368496e-06,5.4268601534405e-07,234.62,1.0182720492960865e-06
1595174400000,234.02,1.0619559970336365e-07,0.0,233.74,1.062045659329683e-07
1595203200000,237.82,2.7131602047926066e-06,1.2790940753732164e-06,239.16,2.7466038513272264e-06
1595232000000,238.41,3.7982651789039275e-05,6.3649749415967666e-06,238.55,3.790789159611158e-05
1595260800000,237.61,2.3598290566324995e-05,6.7966041645164814e-06,237.96,2.3566106355809106e-05
1595289600000,236.27,4.628037397346083e-07,0.0,236.13,4.622805510093704e-07
1595318400000,238.1,2.084696054610957e-06,2.097033323553262e-06,241.9,2.102060785981336e-06
1595347200000,243.69,5.073324177299415e-06,3.025886746691891e-07,243.68,5.088217733212288e-06
1595376000000,244.74,7.098681216934058e-08,0.0,245.82,7.098681216934398e-08
1595404800000,243.8,0.0,0.0,242.32,3.3881317890172014e-21
1595433600000,244.59,2.5193381891445835e-06,1.6876524216732995e-06,244.75,2.5389135551599818e-06
1595462400000,262.58,0.00013947192674694587,5.905053416803448e-05,264.32,0.00014449962729423704
1595491200000,263.03,0.0003728084692958687,2.2952429001980986e-05,262.79,0.00037248376694851186
1595520000000,265.09,0.0001564612193414321,3.8188729350327215e-06,268.58,0.00015712885359756945
1595548800000,274.71,5.7628761058325265e-05,6.983069206339997e-09,275.67,5.892436149671641e-05
1595577600000,269.04,3.589798997875987e-05,2.0823088456797443e-05,271.1,3.526597942698703e-05
1595606400000,275.25,0.00040877092290877526,7.46347933450706e-06,278.5,0.00041502290523817
1595635200000,281.03,0.00031645840343070566,1.1300294672944555e-05,279.58,0.0003171714209719195
1595664000000,284.68,2.8595767845506826e-05,1.5953697720626864e-06,283.37,2.898466189565685e-05
1595692800000,284.17,3.359483892612379e-05,2.012896176831427e-06,286.45,3.364496180867956e-05
1595721600000,306.93,0.00010824398272806274,9.442753312351656e-06,305.63,0.00011274906889567939
1595750400000,307.05,0.0004724633993808698,1.9413835091688575e-05,311.66,0.0004692748398443446
1595779200000,313.13,0.0008798974926809573,4.6358413903433356e-05,311.17,0.0008778562279022945
1595808000000,311.72,0.0002496492116550186,1.406993632138283e-05,311.48,0.0002482257713175405
1595836800000,327.88,0.00040186038477751256,6.445105637532235e-05,320.25,0.00041761197701710385
1595865600000,319.48,0.0005169586452248847,3.948796361274761e-05,313.25,0.0005220040402722234
1595894400000,328.28,0.0004772674051218145,0.00010913064112736361,322.38,0.0004921334458009055
1595923200000,318.02,0.000520826672336309,3.997052734536487e-05,316.05,0.00051942404991781
1595952000000,320.07,0.000550876743434007,4.62349890854229e-05,322.33,0.0005486620551063158
1595980800000,318.11,9.098634243008041e-05,6.5492990723539574e-06,317.5,9.019753899244711e-05
1596009600000,322.31,0.0003162223446384485,5.569959219718983e-05,321.51,0.00031609866674266245
1596038400000,321.13,0.00019315212407329746,1.0155813378287892e-05,321.9,0.00019371024803558506
1596067200000,321.79,8.120827885804946e-05,9.508702009388405e-06,318.17,8.142174781695713e-05
1596096000000,319.38,2.9076130278835446e-05,7.225252691343376e-08,319.13,2.893546883384586e-05
1596124800000,317.59,0.00012405489741183166,2.2182242834582542e-07,319.17,0.00012391424272959235
1596153600000,335.05,0.00014069939362708426,3.8447615529296674e-05,335.19,0.00014688443645522974
1596182400000,338.34,0.00012728942297836646,3.1599092130259985e-05,337.31,0.00012759923246524106
1596211200000,347.6,9.524761750460262e-05,8.158406597136504e-06,344.85,9.63864868931413e-05
1596240000000,344.07,2.2967960978942813e-05,1.1233212202939725e-06,346.86,2.296179812141972e-05
1596268800000,356.39,8.585799409599209e-05,2.8808717146056293e-06,355.3,8.710712572709419e-05
1596297600000,356.62,0.00011023823036371836,5.929904850452343e-07,358.28,0.00011072137398639104
1596326400000,387.77,0.0002811309292376104,3.831863126365419e-05,387.53,0.0002985315269414564
1596355200000,373.58,0.000607553994068514,1.0295511043229136e-05,380.8,0.000618280869634153
1596384000000,369.17,0.00011572389441813103,1.8612549720437327e-06,368.48,0.00011224026376002488
1596412800000,373.56,6.692275132392676e-05,1.4354750167263825e-05,372.12,6.828770108473006e-05
1596441600000,383.91,6.973549839942101e-05,2.093019310430186e-06,384.96,7.129771563505614e-05
1596470400000,394.35,0.00011654922903562216,2.3364689048940066e-08,394.01,0.00011781851492762642
1596499200000,384.08,5.020273563979942e-06,6.569110578140506e-07,386.27,5.022056453641247e-06
1596528000000,391.26,0.00015067089865687712,2.1413128000885505e-05,395.0,0.0001539266247415284
1596556800000,389.94,6.667428251556829e-05,1.3082453134833392e-06,390.48,6.60233653547156e-05
1596585600000,393.04,4.717962749782284e-05,9.080633814861565e-06,389.8,4.715024527717063e-05
1596614400000,390.68,7.817327852803481e-05,2.558706910871853e-05,390.2,7.829426161993602e-05
1596643200000,394.91,0.00030918426810587756,2.9248294750848503e-05,395.86,0.00031139626546100916
1596675600000,401.16,0.0002108964023106799,2.1177661922823974e-06,399.78,0.00025025782726909355
1596704400000,395.44,2.8885803910273557e-06,0.0,397.85,2.867380390027435e-06
1596733200000,399.72,6.02664195604653e-05,3.061299251381958e-05,398.69,6.035609600531531e-05
1596762000000,395.21,2.978904675512789e-05,0.0,395.36,2.967172145113418e-05
1596790800000,394.35,2.250647975956394e-05,1.1186346977609921e-06,395.73,2.250265744716888e-05
1596819600000,385.71,3.142443741656058e-05,0.0,379.92,3.139235140976606e-05
1596848400000,379.72,-4.837557145071766e-06,0.0,379.83,-4.787736505156358e-06
1596877200000,380.85,5.7835267965984635e-06,-1.343609279488527e-08,379.3,5.784099000715075e-06
1596906000000,390.99,2.995536994566594e-07,1.4192981350893258e-06,390.55,3.226195427225128e-07
1596934800000,397.4,3.168647774889337e-05,2.400694780482568e-05,398.44,3.2101516440005625e-05
1596963600000,395.6,0.00010789800100360623,1.4254054203325757e-05,394.67,0.0001069957515512627
1596992400000,386.89,0.00017489304814772438,2.4964685194644936e-05,388.21,0.00017239529450573
1597021200000,390.37,0.00016910091626568438,1.457962648493092e-05,391.53,0.00016975584521104788
1597050000000,395.71,0.00011002628878452999,1.0330464842600826e-05,396.01,0.00011113175859977461
1597078800000,397.5,0.00016971396657765577,8.80534249819923e-06,394.49,0.00016934498091035547
1597107600000,395.84,5.39684294934781e-05,1.0595758375848496e-05,395.65,5.41544652871173e-05
1597136400000,391.31,0.00011285338523951787,0.0,389.34,0.0001130434860641234
1597165200000,382.36,3.787492557565746e-06,1.9017710215121645e-08,384.8,3.7939557368202425e-06
1597194000000,378.84,1.3626059187864433e-07,0.0,376.56,1.3415812097204737e-07
1597222800000,379.23,7.143967691519441e-07,0.0,378.57,7.096159333296583e-07
1597251600000,385.27,6.386237947830044e-06,4.442159686246087e-07,382.91,6.469384104132453e-06
1597280400000,387.24,6.19038882732566e-05,1.4594986232272321e-05,394.04,6.240784477287524e-05
1597309200000,389.95,9.940025664265761e-05,1.8454579142945555e-05,383.2,9.89487800194818e-05
1597338000000,392.78,9.985051247574188e-05,1.1217384823904955e-05,392.41,0.00010164003904126712
1597366800000,425.03,0.00036251913813035075,7.484949595581064e-05,425.29,0.0003810511800161399
1597395600000,423.38,0.0006074059422559648,0.00012115631966177549,423.3,0.0006053228551970097
1597424400000,437.15,0.0006191494764545719,2.6496709274996976e-05,441.64,0.000623088919446713
1597453200000,438.74,0.00046044861897812984,8.30268651701082e-05,439.03,0.000458911301674388
1597482000000,437.7,0.0008201956346139303,7.970933083852956e-05,434.15,0.0008208962479000015
1597510800000,435.89,0.0005735629228294454,9.986423301022868e-05,435.3,0.0005734091780810047
1597539600000,432.55,0.0007728087475389635,3.973241066647153e-05,427.11,0.0007704814062862226
1597568400000,426.75,0.0005236260582353386,0.00010823835259409825,426.66,0.0005246850486558198
1597597200000,430.74,0.00022604985261814848,7.238998881114646e-06,434.46,0.00022578923355644388
1597626000000,433.8,0.00022393936792270395,2.311158381269219e-05,430.82,0.00022257320838387168
1597654800000,424.04,5.650086480102723e-05,1.927428321833942e-06,428.94,5.633851562340913e-05
1597683600000,441.34,0.00022348752478144738,0.00013661243646414652,440.01,0.0002274842493850512
1597712400000,431.27,0.0006504935205752169,1.7637220099304407e-05,433.58,0.0006490454679026895
1597741200000,429.71,0.00018372333456850065,1.3321288625820836e-05,430.74,0.00018246814898512537
1597770000000,420.34,5.5771558919056306e-05,-1.0954286031319326e-07,423.92,5.567939347167081e-05
1597798800000,422.36,-7.83363927712644e-07,0.0,424.77,-7.914697220174578e-07
1597827600000,413.42,-6.840584324838787e-07,2.6339555456081904e-07,412.64,-6.710819997399204e-07
1597856400000,409.99,3.7747310383437795e-06,8.515544587831124e-07,407.69,3.746289792335687e-06
1597885200000,407.7,2.417149231780301e-05,2.035362501467526e-06,411.88,2.3845732226358444e-05
1597914000000,404.28,3.2288538968958534e-05,2.3162419690229716e-06,407.37,3.194673443759602e-05
1597942800000,415.81,1.5162048941791925e-06,0.0,416.41,1.5245516542097562e-06
1597971600000,416.12,1.7003590117404446e-06,1.1387162787874685e-06,415.56,1.700390761927053e-06
1598000400000,412.73,3.3385641502913356e-06,3.64566741212709e-06,411.6,3.3084105372931267e-06
1598029200000,404.49,1.1769342428255356e-05,0.0,401.21,1.1623121773370718e-05
1598058000000,387.89,2.1569481793639506e-06,-1.5892719249227664e-07,381.38,2.168169915598274e-06
1598086800000,391.11,-8.08041544381278e-08,0.0,392.61,-8.304236752394023e-08
1598115600000,390.53,-3.2737150556496643e-07,0.0,390.35,-3.2666561036514135e-07
1598144400000,395.77,0.0,0.0,393.42,-5.293955920339377e-23
1598173200000,391.13,0.0,0.0,389.33,-5.293955920339377e-23
1598202000000,392.74,0.0,0.0,390.09,-5.293955920339377e-23
1598230800000,390.78,3.353701407636704e-07,0.0,390.07,3.37828954377411e-07
1598259600000,398.53,1.596914393543157e-07,1.6315489354699272e-07,405.01,1.6315489354699266e-07
1598288400000,403.08,1.7525616022490687e-05,0.0,404.48,1.7430473649655885e-05
1598317200000,407.99,2.217000124854447e-06,0.0,405.49,2.2031328951409854e-06
1598346000000,395.08,-5.973828754083621e-07,-5.321815616673883e-07,393.83,-5.825480325570189e-07
1598374800000,385.86,-1.0580563652901431e-05,-3.2988316212310116e-06,374.97,-1.0487052208423221e-05
1598403600000,383.18,-4.38944348418169e-05,0.0,379.33,-4.39998706395726e-05
1598432400000,381.3,-5.143155553985303e-09,0.0,382.13,-5.200116734415734e-09
1598461200000,390.5,-6.769090474612902e-06,0.0,389.02,-6.783468922335429e-06
1598490000000,386.06,-1.7307249068421542e-08,0.0,388.38,-1.733839161725681e-08
1598518800000,385.9,5.3959243813028944e-06,0.0,383.68,5.321322839812012e-06
1598547600000,383.92,9.561320017741159e-05,-2.5124846077035424e-09,378.08,7.768321376576562e-05
1598576400000,383.2,6.740658960672263e-08,6.832122394608435e-08,383.7,6.832122394608435e-08
1598605200000,387.23,1.5494764587799407e-07,0.0,387.67,1.5617635952781875e-07
1598634000000,396.43,5.421284769796955e-08,0.0,395.79,5.472047696292075e-08
1598662800000,395.51,0.0,0.0,393.93,0.0
1598691600000,403.63,2.7521915074052427e-08,0.0,402.41,2.7904076563289262e-08
1598720400000,402.52,7.070083872788312e-07,1.607634431365173e-07,402.49,7.011291541304476e-07
1598749200000,398.67,0.0,0.0,401.38,-5.293955920339377e-23
1598778000000,405.44,4.915535296094424e-10,0.0,403.21,4.915535296093894e-10
1598806800000,416.63,1.3854211849686155e-05,1.3627738913413715e-07,423.38,1.4006261018210334e-05
1598835600000,428.87,1.3207427887858765e-05,7.213364628238013e-06,426.14,1.3199607692122982e-05
1598864400000,421.02,1.0525318935605443e-05,-9.475295269300696e-07,420.33,1.0530229274152619e-05
1598893200000,434.31,1.4325759698627218e-07,0.0,433.01,7.134169542054354e-07
1598922000000,433.93,1.3905698352777809e-05,2.5364916686765994e-06,433.36,1.3925902929314165e-05
1598950800000,463.54,0.00022959664103115493,6.83524347473328e-05,461.39,0.0002420411158122359
1599004800000,481.7,0.0002648297673722804,4.4365197712458906e-05,475.73,0.0002633389163492763
1599033600000,473.88,0.00022560047595969075,8.730805423737695e-06,467.0,0.00022390186358717755
1599062400000,431.43,2.7189178915981118e-05,-1.902214625549292e-05,433.19,3.0359943854303544e-05
1599091200000,442.96,-0.00011305764343120792,-1.3406547386888872e-07,439.81,-0.00011339456256206606
1599120000000,428.12,-4.802396557962575e-07,-6.84961361479508e-10,437.33,-4.865106998265125e-07
1599148800000,412.81,-5.83368588195292e-05,-3.6709285965381444e-05,403.91,-5.558754264561602e-05
1599177600000,396.71,-0.00047435074273145746,-0.00012297604876481693,382.67,-0.0004694635473089012
1599206400000,383.26,-0.00029113576043660527,-4.68249132756997e-06,386.72,-0.00029328700268703965
1599235200000,382.71,-6.930917030882214e-05,-2.1061455705457785e-05,384.78,-6.99743036603513e-05
1599264000000,388.0,-2.104983601772427e-05,-8.879416967993989e-07,385.99,-2.1094208131808058e-05
1599292800000,385.93,-2.750888659282169e-06,7.856735780559128e-08,380.75,-2.7509725563415618e-06
1599321600000,357.18,-1.742625931884597e-05,0.0,357.31,-1.5810050825626872e-05
1599350400000,320.63,-0.000150407604935433,-2.4905512875014125e-06,335.18,-0.00013992709702526706
1599379200000,331.49,-2.1124307849852808e-05,-4.0475423605695437e-07,340.46,-2.0834436513505566e-05
1599408000000,347.17,-3.0366495412344642e-05,0.0,344.47,-3.086587726121762e-05
1599436800000,351.78,-1.7594755083053818e-06,0.0,352.68,-1.8086395312829195e-06
1599465600000,340.58,-4.0188431207224145e-07,0.0,343.58,-3.946091558122962e-07
1599494400000,334.61,-6.394692217512814e-06,-1.1446035665482609e-07,346.15,-6.180765855550869e-06
1599523200000,352.61,9.21711355744384e-09,0.0,353.56,9.181699988452747e-09
1599552000000,349.56,0.0,0.0,346.83,-3.049318610115481e-20
1599580800000,341.84,9.654998089996806e-06,0.0,341.31,9.458970998875241e-06
1599609600000,336.28,-3.95581575445027e-06,-4.0694370937510796e-08,337.3,-3.922512392286441e-06
1599638400000,337.23,-9.7939216172986e-07,-9.717863752036477e-07,342.38,-9.792420294938155e-07
1599667200000,351.18,0.0,0.0,352.7,-3.049318610115481e-20
1599696000000,356.5,-2.0683587041026201e-07,-8.792853672733702e-08,351.14,-2.080254174325094e-07
1599724800000,368.38,1.3457682696669764e-07,0.0,364.16,1.408430176966796e-07
1599753600000,367.77,-2.7831409776731375e-07,0.0,371.28,-2.831341193068738e-07
1599782400000,369.15,-1.4041033059615648e-07,0.0,368.13,-1.38972789117413e-07
1599811200000,362.5,-7.314942359632512e-06,-7.201053962313637e-06,362.38,-7.20304322117135e-06
1599840000000,366.71,-7.00155743048306e-05,-1.4455087663588863e-07,370.16,-7.000829885138374e-05
1599868800000,373.67,-6.253017795270339e-06,0.0,373.95,-6.210378205822986e-06
1599897600000,366.64,-1.9571224937542758e-07,0.0,368.38,-1.943566728578944e-07
1599926400000,372.61,-4.62352661132667e-07,0.0,373.11,-4.628504617884233e-07
1599955200000,384.83,4.1743188152310254e-08,0.0,387.84,4.294328595832044e-08
1599984000000,386.24,-4.5650503803687935e-08,-5.4552626072660834e-08,387.41,-4.5399803634520464e-08
1600012800000,367.77,5.409590042177654e-06,4.794572166997173e-06,360.75,5.131794056580408e-06
1600041600000,365.22,-6.3183895690279446e-06,-5.007876903641441e-07,366.41,-6.342951677959061e-06
1600070400000,367.74,-7.017007846772598e-07,0.0,369.66,-7.01681634500313e-07
1600099200000,373.74,-1.1316508018193166e-06,0.0,383.19,-1.1313445066461298e-06
1600128000000,372.15,2.7749038954007403e-06,1.0752058705352916e-07,377.26,2.726485104846888e-06
1600156800000,375.25,1.9865397933272124e-06,0.0,375.54,1.9847955378338284e-06
1600185600000,364.48,-5.596461106356786e-07,5.238958893360572e-10,366.06,-5.481194054850113e-07
1600214400000,365.12,0.0,0.0,364.07,-2.710505431213761e-20
1600243200000,364.25,-4.71820607359423e-06,-9.098432434313312e-09,365.65,-4.663534447849509e-06
1600272000000,366.48,-2.441465731409758e-08,-1.4775479307296629e-08,370.74,-2.4448120662261385e-08
1600300800000,368.35,6.96038920599002e-06,0.0,365.15,6.914300942176556e-06
1600329600000,379.04,4.897960876933934e-05,9.181032408115932e-08,380.09,5.0785885300696605e-05
1600358400000,381.02,3.7624715584514364e-05,0.0,380.37,3.754253957733085e-05
1600387200000,387.58,2.8173719058094285e-06,6.451579487519204e-07,389.49,2.8996705329423976e-06
1600416000000,388.16,1.7076756317672132e-07,-2.5687557567353202e-08,386.24,1.6972534088884052e-07
1600444800000,385.41,0.0,0.0,382.29,-2.7316812548951186e-20
1600473600000,383.61,-3.257263909680654e-06,0.0,384.58,-3.258704883301813e-06
1600502400000,380.69,-1.8164635500840676e-08,-1.4544980253855868e-09,377.97,-1.8059476666930548e-08
1600531200000,385.12,-3.07665514338912e-07,0.0,384.83,-3.076573746089444e-07
1600560000000,384.94,0.0,0.0,385.22,-2.710505431213761e-20
1600588800000,381.63,0.0,0.0,380.98,-2.710505431213761e-20
1600617600000,372.22,-1.2319485229564384e-05,0.0,370.9,-1.2222670961910417e-05
1600646400000,369.54,-0.0004975985539049367,-5.549870313115314e-05,371.25,-0.000497975675778438
1600675200000,373.49,-7.406649033956343e-05,0.0,369.98,-7.421639410829035e-05
1600704000000,338.07,0.0001311768746752952,-7.706936773834262e-07,340.27,0.00012411826575892942
1600732800000,344.42,-0.00010711486857986364,-9.779989287338083e-06,340.05,-0.00010879391909520266
1600761600000,342.02,-5.0006000759554436e-05,-1.8893618276802168e-06,336.04,-5.0376494216567403e-05
1600790400000,339.43,-5.296539393793461e-06,-1.0654833833177102e-06,341.21,-5.360963726297595e-06
1600819200000,343.5,-7.6284828432318994e-06,-2.4349013865721264e-07,344.25,-7.668693948999164e-06
1600848000000,338.3,-2.574732487699506e-05,-1.1963186875308197e-05,335.75,-2.543013441211711e-05
1600876800000,339.26,-7.2244422351019445e-06,0.0,338.53,-7.24696459094351e-06
1600905600000,323.87,-5.917317342054344e-05,-2.075074805674902e-05,320.09,-5.65917699103212e-05
1600934400000,323.82,-0.00010624715253657616,7.062158697208845e-06,327.97,-0.00010726242337509384
1600963200000,337.55,-2.2119866855390118e-05,2.9162392768945575e-05,344.67,-2.106491994976597e-05
1600992000000,351.0,2.3630613821591296e-05,0.0,349.18,2.363092132269141e-05
1601020800000,344.62,-1.587514840276656e-06,-1.5667832185581683e-06,343.07,-1.566783218558209e-06
1601049600000,345.14,-6.996681274638073e-06,-3.1850509187923344e-06,347.22,-7.002162406439482e-06
1601078400000,352.29,-3.518490135167814e-06,0.0,352.06,-3.5558331120272856e-06
1601107200000,354.75,-2.231908656974693e-07,0.0,350.92,-2.225942121556708e-07
1601136000000,351.91,-5.384513278059686e-07,0.0,352.37,-5.378523852580268e-07
1601164800000,353.4,-1.3614777313489368e-07,0.0,354.07,-1.3625209500894863e-07
1601193600000,353.57,-6.438708050336964e-07,-1.0893555556749476e-08,354.48,-6.555876865559748e-07
1601222400000,351.58,-3.2070124132580255e-07,0.0,355.57,-3.1690390257926143e-07
1601251200000,354.68,0.0,0.0,357.54,-4.055170234979963e-20
1601280000000,356.57,1.120202187010865e-07,0.0,357.33,1.120578156866815e-07
1601308800000,362.55,4.5053452804143076e-10,0.0,364.89,4.514423299212044e-10
1601337600000,361.21,1.6751030890382784e-05,-1.256330429730869e-06,353.83,1.668646787667067e-05
1601366400000,355.38,-8.039887953132145e-06,-1.9742964553200855e-06,354.93,-8.040345105772705e-06
1601395200000,357.12,-1.9717832555189325e-05,-2.68560368881938e-07,355.11,-1.9776774934593148e-05
1601424000000,357.48,0.0,0.0,359.94,-4.1504614415460717e-20
1601452800000,355.54,0.0,0.0,354.71,-4.1504614415460717e-20
1601481600000,355.44,-9.393231679513052e-07,-5.073608489811608e-07,357.59,-9.404216598329255e-07
1601510400000,359.11,-4.716865701706116e-06,0.0,359.8,-4.7120021991712455e-06
1601539200000,362.78,7.113507499561064e-07,0.0,364.06,7.156606486106445e-07
1601568000000,365.87,3.811877494680532e-08,-8.976165277878989e-09,361.17,3.8074368848551226e-08
1601596800000,351.8,-4.290379473934337e-05,-1.4467916980383724e-05,352.98,-4.178688421857219e-05
1601625600000,344.19,-0.00020131950154544752,-4.6467001152679856e-06,342.33,-0.0002005659157976952
1601654400000,344.61,-0.00010273037178911954,-1.990656273722038e-05,343.35,-0.00010246134606865617
1601683200000,345.05,-0.00017605501267991533,-1.2954556319265933e-06,345.71,-0.0001765642105264653
1601712000000,346.09,-0.00010189693798458195,-4.0759334801021244e-05,346.24,-0.00010198805275736053
1601740800000,346.69,-6.44266540443538e-05,-1.7626301435565168e-06,347.55,-6.446800865755585e-05
1601769600000,347.66,-2.8235505278257816e-05,-9.095144808754431e-06,346.16,-2.8345586495067075e-05
1601798400000,349.25,-8.705309992101003e-05,-1.0946364736208223e-05,348.36,-8.721277677762855e-05
1601827200000,347.66,-6.237635624639194e-05,-8.535335168886406e-06,346.98,-6.22311981300618e-05
1601856000000,352.14,-1.459873917925133e-05,0.0,352.5,-1.4636447394900077e-05
1601884800000,351.02,-2.520427610361731e-06,-2.588989176918277e-07,351.18,-2.5202568426420766e-06
1601913600000,352.95,-3.4297091114873507e-05,-1.0412073405154459e-05,352.85,-3.4461754719126246e-05
1601942400000,352.69,-6.212314385301191e-05,-2.719168046485389e-06,353.69,-6.205286696807038e-05
1601971200000,353.19,-1.016256085754767e-08,-6.631519972800935e-10,350.87,-1.0160185609106929e-08
1602000000000,344.71,-3.912396312574486e-05,-1.6720220115017416e-05,351.43,-3.836583110434298e-05
1602028800000,339.53,-0.00015409958217315632,-3.375775865719184e-05,340.75,-0.00014932468440880534
1602057600000,341.16,-0.0003393538418562396,-6.950562087171959e-05,341.31,-0.0003377910815295647
1602086400000,341.19,-0.00011896158852534963,-1.0627649792202287e-06,340.7,-0.00011880716109059628
1602115200000,340.34,-2.3734205017201535e-09,0.0,341.73,-2.3749530890708395e-09
1602144000000,338.99,-2.629307469473718e-06,-3.1233004858661665e-07,336.16,-2.61498832994238e-06
1602172800000,349.66,-1.3366560347626266e-06,0.0,349.43,-1.3409503076692033e-06
1602201600000,351.17,0.0,0.0,351.12,0.0
1602230400000,348.78,-7.405739795184296e-08,0.0,350.56,-7.360603422543334e-08
1602259200000,361.05,-4.582737473531277e-06,0.0,365.29,-4.599934339724104e-06
1602288000000,365.49,-9.181331583769526e-06,0.0,365.35,-9.15865146640556e-06
1602316800000,374.78,3.698960756973645e-07,0.0,374.99,3.732776355518306e-07
1602345600000,374.03,2.7564499513591704e-06,0.0,373.01,2.7468812925383612e-06
1602374400000,374.64,5.2588340562914744e-06,0.0,370.81,5.2613583090506225e-06
1602403200000,372.66,0.0,0.0,372.22,0.0
1602432000000,373.02,9.866166969169624e-08,0.0,375.08,9.886551482083879e-08
1602460800000,373.4,0.0,0.0,374.36,0.0
1602489600000,372.05,0.0,0.0,374.15,0.0
1602518400000,382.97,7.889237162149882e-06,1.7968449107370116e-06,385.68,7.873579604492938e-06
1602547200000,392.77,1.5974031613521652e-05,2.383517472309243e-06,386.83,1.620329480280897e-05
1602576000000,383.6,2.770202332844255e-07,1.1486749731734283e-09,382.99,2.757119889432742e-07
1602604800000,379.6,1.0164989719042503e-05,0.0,379.23,1.0207705289856168e-05
1602633600000,381.34,-3.102016733220878e-05,1.7685857984968135e-06,381.33,-3.0772683672771996e-05
1602662400000,383.05,-3.818428385670778e-05,2.0543577191582383e-07,382.47,-3.8313810155304e-05
1602691200000,381.06,-6.967977336383489e-06,-7.57723914792924e-06,375.87,-6.934352000104249e-06
1602720000000,377.49,-2.3458331530256215e-05,-1.3279315735959365e-07,378.99,-2.345744081047374e-05
1602748800000,379.01,-2.080577284144408e-09,0.0,378.96,-2.080577284144408e-09
1602777600000,376.17,-1.2793977210898057e-06,0.0,376.77,-1.2680481060642917e-06
1602806400000,377.45,2.3241066147010044e-07,0.0,377.88,2.346621648126327e-07
1602835200000,370.31,-1.980613503821007e-05,-2.914996940334554e-06,369.29,-1.9701949582761337e-05
1602864000000,367.47,5.1082872557759875e-05,0.0,367.19,5.152211042616693e-05
1602892800000,366.63,-1.9757396105709272e-05,-2.026631252776387e-07,365.52,-1.973507274937301e-05
1602921600000,367.58,-2.875371175772926e-06,0.0,368.07,-2.896518442329657e-06
1602950400000,368.51,-2.3643025863077283e-07,0.0,367.9,-2.3656877224435873e-07
1602979200000,367.92,0.0,0.0,368.51,3.3881317890172014e-21
1603008000000,373.78,-1.0461613181647846e-05,0.0,374.15,-1.0484861588890529e-05
1603036800000,375.33,-1.9607715679582893e-06,0.0,375.91,-1.9608373584734488e-06
1603065600000,377.06,-5.937311479900531e-06,0.0,378.56,-5.937153534874328e-06
1603094400000,375.08,0.0,0.0,375.09,3.3881317890172014e-21
1603123200000,379.52,2.1827948900216573e-06,1.2978105721406342e-08,383.99,2.1883802881035855e-06
1603152000000,379.15,3.2263945763099234e-06,0.0,379.51,3.2166778463961085e-06
1603180800000,378.57,0.0,0.0,375.7,3.3881317890172014e-21
1603209600000,369.6,-2.491684122106918e-06,0.0,371.47,-2.4741084154721572e-06
1603238400000,369.66,-7.126512740412793e-06,0.0,368.88,-7.094134305209686e-06
1603267200000,380.43,5.0208790481446824e-06,0.0,379.33,5.147625511926095e-06
1603296000000,389.18,2.4706708833992768e-06,2.38573379555004e-06,392.72,2.532516448374472e-06
1603324800000,401.15,4.039292498926008e-05,7.983882081502139e-08,391.43,4.045256903155193e-05
1603353600000,396.36,1.7932747576614373e-05,5.00145684858811e-07,395.54,1.8071143604206285e-05
1603382400000,414.5,3.6509189282093457e-05,8.005233267779117e-06,414.99,3.799158711123455e-05
1603411200000,415.58,5.800308104413483e-07,2.2918468200505206e-08,414.63,5.842744568322451e-07
1603440000000,413.5,4.892228015668599e-06,1.6533701116848852e-06,413.11,4.873442707838695e-06
1603468800000,413.92,1.585781114079947e-05,2.9978082783933227e-10,412.21,1.587360512877808e-05
1603497600000,409.39,1.0284316884109117e-05,1.6826248900487277e-07,409.72,1.0204492184568572e-05
1603526400000,412.29,4.872311767537563e-07,5.554112447132439e-10,410.54,4.901539795041582e-07
1603555200000,415.53,1.124496348688072e-05,3.8936516701168074e-06,414.3,1.134770608859328e-05
1603584000000,411.8,4.824017438642845e-07,0.0,412.54,4.846279331242428e-07
1603612800000,409.09,1.5343161489868918e-06,0.0,410.18,1.539071232119601e-06
1603641600000,408.7,0.0,0.0,406.5,6.776263578034403e-21
1603670400000,406.52,0.0,0.0,406.39,6.776263578034403e-21
1603699200000,406.66,1.311688480601894e-06,0.0,405.19,1.3183285229012027e-06
1603728000000,403.76,-4.600427339755291e-06,-2.0726018105223654e-09,394.05,-4.600418188618125e-06
1603756800000,392.5,-7.814950014933318e-06,0.0,393.33,-7.758682387629334e-06
1603785600000,394.57,0.0,0.0,394.59,6.776263578034403e-21
1603814400000,403.7,6.417168182373247e-06,2.4876406965189094e-08,406.25,6.556805377550656e-06
1603843200000,405.34,6.890469582133268e-06,-2.99754411010756e-09,404.05,6.843578587670124e-06
1603872000000,402.85,3.178269912914687e-07,-1.3488803042197192e-10,397.09,3.184962246668978e-07
1603900800000,386.06,-7.480019034740189e-07,0.0,387.84,-7.316892414388425e-07
1603929600000,387.89,2.204265619535682e-05,-4.295826705542391e-07,388.66,2.1978598857039135e-05
1603958400000,391.25,-5.5979613922575403e-08,0.0,387.28,-3.135604298668732e-08
1603987200000,390.61,-6.14088699416873e-06,-1.2247137615713268e-07,390.94,-6.122132923200603e-06
1604016000000,383.98,0.0,0.0,387.55,6.776263578034403e-21
1604044800000,382.15,-9.179644220723535e-06,-8.92238055687453e-06,378.69,-9.05356583525415e-06
1604073600000,377.87,-0.00010936250924944525,-2.819020825445925e-06,382.48,-0.00010967456242136482
1604102400000,383.38,4.3224712517870265e-05,0.0,382.84,4.337063678195706e-05
1604131200000,385.09,-1.0539242187320632e-09,0.0,384.34,-1.053456223956756e-09
1604160000000,389.59,6.584097240492562e-06,0.0,390.49,7.09121585517648e-06
1604188800000,388.76,-4.545750601922368e-07,-1.8870087793952495e-09,386.86,-4.5115785469402213e-07
1604217600000,387.03,-5.166149548258775e-06,-6.97733242479142e-08,389.29,-5.18830082823533e-06
1604246400000,388.11,-2.567243411506754e-05,-2.5594616877903013e-05,388.75,-2.5594616877903e-05
1604275200000,395.63,4.595453728388063e-07,0.0,396.88,4.6573990993120746e-07
1604304000000,398.96,-3.7842348546480735e-06,0.0,399.69,-3.827523572245576e-06
1604332800000,385.48,-7.53716194219018e-06,-6.844808163166576e-07,385.57,-7.2618681573839764e-06
1604361600000,383.57,4.4407297987039026e-05,0.0,383.57,4.440696673183186e-05
1604390400000,375.61,-7.380806634401228e-05,-6.585585615404437e-05,375.68,-7.233354626657956e-05
1604419200000,384.76,9.437635027511591e-05,4.411447642749028e-05,381.73,9.580337762459615e-05
1604448000000,388.1,-3.1990249008674654e-06,3.5200571695524665e-08,388.32,-3.206235129511565e-06
1604476800000,384.52,-1.244629810678437e-06,0.0,378.33,-1.2259955411609543e-06
1604505600000,382.72,-2.6417922012807065e-06,0.0,384.18,-2.6768429371327696e-06
1604534400000,402.51,5.097391358708598e-05,5.577604090238943e-06,403.09,5.326442557256864e-05
1604563200000,401.75,0.00011523375513319702,1.8128543761534348e-05,403.4,0.0001155471076696684
1604592000000,415.34,0.00016480764592226763,-4.388847815085087e-07,414.65,0.00016528281767400491
1604620800000,418.99,5.28479743172335e-06,5.869180072368916e-08,417.19,5.284751352742629e-06
1604649600000,433.94,0.00023731710262158695,3.194469509507612e-07,436.58,0.0002449532398201111
1604678400000,440.73,0.00010554901941719168,2.579064155400259e-07,435.5,0.00010588510343925127
1604707200000,455.6,5.067160436995653e-06,1.4846583926039177e-07,456.44,5.177163226788212e-06
1604736000000,459.05,0.00020493354995461876,2.886122471342872e-06,456.99,0.00020734957368697982
1604764800000,447.11,8.889956666747942e-05,2.9586385638790952e-05,448.25,8.87962199810926e-05
1604793600000,436.96,0.0004277898495224152,7.4442403671227124e-06,435.65,0.00041711465879379605
1604822400000,438.91,2.8723308025427975e-05,5.619607029627816e-07,436.14,2.8893037183510563e-05
1604851200000,454.09,0.000196770291755578,4.026244510747738e-05,454.4,0.00020109127854662254
1604880000000,455.09,0.00013769929073043007,5.973476406545673e-05,454.58,0.00013733223194267366
1604908800000,450.04,3.00678129258923e-05,1.587022536340487e-07,445.3,3.0086811744446485e-05
1604937600000,443.89,0.00015506170925645154,1.4168235992428618e-05,437.76,0.00015602442561126498
1604966400000,443.07,1.5633237261967565e-06,0.0,444.65,1.5634183049105331e-06
1604995200000,447.95,3.175109872819144e-05,1.7559050072285654e-08,449.3,3.2116577587721245e-05
1605024000000,444.22,3.030697576906103e-05,0.0,443.69,3.0322169524238074e-05
1605052800000,454.17,-4.720624490936236e-06,0.0,451.01,-4.755581591845488e-06
1605081600000,460.24,0.00012480727869952445,0.0,462.69,0.00012768262167562905
1605110400000,462.82,2.0843967547653233e-05,0.0,462.65,2.0890772646615353e-05
1605139200000,466.6,-3.762993941855527e-05,7.025833447433044e-08,463.77,-3.77028666508638e-05
1605168000000,463.13,-7.078046934528864e-06,0.0,465.51,-7.016403183330325e-06
1605196800000,459.4,0.0013476195605417363,-3.0774229014432364e-05,462.18,0.001330600750353647
1605225600000,462.85,-4.268395346066405e-05,0.0,463.06,-4.261071926570952e-05
1605254400000,461.98,2.5287787012811514e-06,0.0,461.1,2.5135217816500185e-06
1605283200000,472.7,8.371672442016767e-05,1.1105405602565375e-05,469.91,8.502966287988388e-05
1605312000000,477.0,6.75377626629977e-05,2.7015507521037117e-06,477.21,6.785175210684094e-05
1605340800000,470.24,6.016904862239194e-05,7.498989406373512e-06,467.42,5.9410230336535193e-05
1605369600000,461.47,0.00012918466679032124,3.133799200988768e-05,459.3,0.00012738440602267742
1605398400000,462.44,0.005709887158915579,0.0012485356706960049,461.22,0.005728611138858555
1605427200000,461.08,0.010016663977331168,0.0012497752631980194,461.1,0.00999907978600559
1605456000000,457.96,0.008276337142315682,0.00034218392275429976,456.66,0.008236482080993163
1605484800000,446.66,0.009599459262921045,0.000913238880756668,448.63,0.009413920786025383
1605513600000,455.14,0.006075018511668285,0.0006787620627073647,455.25,0.006094046815781832
1605542400000,459.85,0.00244862080355797,0.0,459.73,0.0024431705166117704
1605571200000,461.34,8.210608905202285e-06,0.0,460.82,8.20452613068703e-06
1605600000000,463.99,4.642032298949632e-05,1.6861226473197194e-05,466.32,4.6746016955208094e-05
1605628800000,470.65,0.00010071995040460915,4.262259768985145e-06,474.4,0.00010101230898314945
1605657600000,480.99,0.0003781395797157935,5.041634357917103e-05,482.84,0.00038332191212091845
1605686400000,472.77,0.00030171010270257703,5.582037057886638e-07,479.83,0.00030580446628346276
1605715200000,471.42,1.9916826626695523e-07,-3.531114523558699e-07,474.54,-4.371752962686548e-08
1605744000000,480.53,-9.512097433779824e-10,0.0,478.89,-9.520896523228986e-10
1605772800000,473.69,8.974106881686718e-07,0.0,472.34,8.951460172250591e-07
1605801600000,478.25,0.00022115519421496993,0.0,476.32,0.00022014199561961462
1605830400000,472.58,4.824009455962326e-06,0.0,471.92,4.804977006570934e-06
1605859200000,484.88,3.728836066286357e-05,2.3304521222788857e-05,491.27,3.831117378493016e-05
1605888000000,507.6,0.000604499292159255,4.793172685284331e-06,505.19,0.0006180317233866897
1605916800000,508.59,2.500074923793199e-07,8.838963624236022e-08,510.58,2.5186684496105335e-07
1605945600000,510.67,7.0103408403102635e-06,1.6689780622753019e-06,510.67,6.997663159748631e-06
1605974400000,533.69,5.945517172189699e-05,1.5822025768322845e-05,537.92,6.1032030260215375e-05
1606003200000,542.82,0.0003350256378652484,6.80676752906947e-05,552.86,0.00033738909638336093
1606032000000,543.86,0.00040006603172823893,2.6548379431768625e-05,542.55,0.00039698497584922333
1606060800000,530.39,0.0005989211200375079,0.00017135430916659657,535.0,0.0005888043963007634
1606089600000,574.36,0.0005102270687032809,9.82063418243755e-05,560.87,0.0005395482753392878
1606118400000,586.29,0.00027574160857786294,1.0780576985670622e-05,581.59,0.0002807451711809894
1606147200000,599.89,7.841936335861385e-05,2.027627900219162e-05,590.82,8.071689477155472e-05
1606176000000,610.45,5.378963065495406e-05,9.930966876214929e-07,609.38,5.4178421236499385e-05
1606204800000,608.61,6.006314884663056e-05,1.7002018200083934e-05,605.67,6.029928921329976e-05
1606233600000,602.37,0.0003384660930048339,1.6971039861480667e-05,607.53,0.00034013339690918185
1606262400000,603.65,0.00021312956666576637,1.323750073523649e-05,605.42,0.00021265546227389108
1606291200000,593.23,1.1747944799952767e-05,0.0,593.36,1.1719136172739088e-05
1606320000000,596.93,5.4520788427851204e-05,7.302133545544081e-06,593.98,5.4957523020589955e-05
1606366800000,569.41,5.2339422532199463e-05,4.269903600114086e-05,529.76,6.447051564123972e-05
1606395600000,513.13,0.00021221597960145597,0.0,525.28,0.00015772684922111207
1606424400000,500.95,4.183100955635639e-05,-2.940035782521646e-06,523.53,4.006985370091007e-05
1606453200000,519.8,-1.0528408909864072e-05,0.0,520.56,-1.0528237568049856e-05
1606482000000,507.33,0.00017939239339134742,1.5738233499618038e-06,513.92,0.00017682286604693394
1606510800000,507.04,2.4796859965032777e-09,0.0,515.03,2.3948134936128325e-09
1606539600000,515.62,-7.650104863696635e-07,0.0,512.92,-7.70669274641082e-07
1606568400000,518.69,2.0901567929183316e-07,0.0,517.65,2.078382818116453e-07
1606597200000,546.77,-1.4936717334367592e-07,0.0,541.7,-1.564457265690165e-07
1606626000000,543.79,5.088913427029913e-08,0.0,539.48,5.108077878553647e-08
1606654800000,551.66,1.134883978876582e-05,3.3487739203555318e-06,551.3,1.1618996159569419e-05
1606683600000,552.16,8.919115672113238e-05,4.3433230513006024e-05,557.43,8.949978364596801e-05
1606712400000,588.58,0.0001381315820560947,2.3208961637401777e-05,585.44,0.00014467332243344155
1606741200000,588.83,0.00015210268975778197,8.439092833736595e-06,596.46,0.00015152576420533948
1606770000000,602.45,0.0008681982243407367,2.2577201999182637e-05,606.11,0.0008748042634717911
1606798800000,605.38,0.00038503390396734077,2.4563586192346845e-05,603.68,0.00038795215803153236
1606827600000,616.08,0.00018189416283507517,7.051573471285555e-06,576.75,0.0001857935574738684
1606856400000,600.0,3.5947067716438834e-07,0.0,594.14,3.7296454608853506e-07
1606885200000,585.91,8.80038437845991e-07,0.0,583.03,8.682547617500627e-07
1606914000000,598.89,3.3209999199548805e-05,1.0454493725304166e-06,593.27,3.399013035909662e-05
1606942800000,596.91,5.5086215520835e-05,6.783302904439459e-06,596.53,5.505423125670194e-05
1606971600000,595.81,6.578690860003006e-05,0.0,593.29,6.589348237317935e-05
1607000400000,614.11,0.00037287027259118045,0.00010588299268214665,609.91,0.00038322236038083597
1607040000000,616.8,0.00013814953242887793,1.6367368643377127e-05,616.54,0.00013743582739587638
1607068800000,607.39,2.9779025929730083e-06,6.024182622642277e-08,605.18,2.987310494399592e-06
1607097600000,592.45,3.648240563003523e-06,0.0,588.07,3.6867420716904018e-06
1607126400000,569.44,1.6840052976542157e-07,1.1038968356739803e-08,567.86,1.6835232368222917e-07
1607155200000,588.44,0.0,0.0,585.63,0.0
1607184000000,591.38,0.0,0.0,592.94,0.0
1607212800000,591.47,0.0,0.0,597.21,0.0
1607241600000,597.76,0.0006782661099230252,1.1655944836217537e-07,600.89,0.0006816084536028761
1607270400000,594.89,7.330650628253937e-08,0.0,595.11,7.749150384378209e-08
1607299200000,593.27,1.033315070690862e-05,7.3478379994935564e-06,601.87,1.0330075040698322e-05
1607328000000,598.55,2.5850289262537813e-05,5.940301154769919e-07,601.18,2.5688632388432966e-05
1607356800000,594.6,3.235356979898627e-05,0.0,594.69,3.234683618567423e-05
1607385600000,590.96,0.0,0.0,591.48,0.0
1607414400000,591.24,8.043667545665833e-07,8.040403732500619e-07,588.26,8.040403732500619e-07
1607443200000,577.2,-1.3302304848881062e-06,0.0,574.17,-1.3143716131319115e-06
1607472000000,555.23,-4.3081495215078346e-05,4.631229256576067e-09,554.84,-4.232010984826926e-05
1607500800000,549.37,1.3444376964702885e-07,0.0,538.14,1.3332187026438565e-07
1607529600000,572.09,2.157508354372677e-09,0.0,567.68,2.296026051707155e-09
1607558400000,576.27,8.596902754372603e-08,2.180922359440512e-09,573.49,8.685498093287942e-08
1607587200000,560.24,0.0,0.0,563.69,0.0
1607616000000,552.43,6.834710097498121e-07,0.0,557.44,6.834710097498122e-07
1607644800000,563.2,1.5990570636751383e-07,0.0,558.69,1.6173011848809608e-07
1607673600000,544.0,4.290893839954923e-08,0.0,541.58,4.290893839954923e-08
1607702400000,552.99,0.0,0.0,554.35,0.0
1607731200000,550.65,0.0,0.0,544.23,0.0
1607760000000,556.68,-3.2330832085747515e-09,0.0,559.32,-3.2330832085747515e-09
1607788800000,554.1,8.376184954688983e-09,0.0,554.69,8.311939382466253e-09
1607817600000,571.74,0.0,0.0,568.4,0.0
1607846400000,572.54,2.3043475700874965e-06,2.272166129371601e-06,579.29,2.320596148598545e-06
1607875200000,585.57,0.00015220272473859573,1.0054014277077132e-05,584.81,0.00015315613797280969
1607904000000,588.54,0.00020154311552286075,3.106735633619716e-05,590.53,0.00020336154806307332
1607932800000,588.2,4.407822079478554e-05,0.0,585.97,4.3815224162626815e-05
1607961600000,582.45,4.637774970564674e-05,1.1015568978956452e-06,583.96,4.588704137940017e-05
1607990400000,588.43,1.711179016776918e-06,0.0,586.29,1.7022784934961904e-06
1608019200000,584.6,0.00019227803993769496,0.0,585.63,0.0001943609295356814
1608048000000,584.3,0.0,0.0,586.2,0.0
1608076800000,588.61,8.064899487906139e-07,0.0,589.16,8.109475186201628e-07
1608105600000,586.05,0.0,0.0,585.24,0.0
1608134400000,620.7,0.00046386017915414537,8.090819576791306e-05,621.0,0.00047950709546158655
1608163200000,635.65,0.0005345231755122811,8.359455372044134e-05,637.92,0.0005388834940526277
1608192000000,644.72,0.0008693893101276374,6.093181828812143e-05,648.51,0.0008757863349601465
1608220800000,663.48,0.00099970077187566,0.00012562830976705692,666.03,0.0010127389492990402
1608249600000,645.91,0.0001863102039254362,1.1204547290111757e-06,643.48,0.0001844435337191714
1608278400000,644.73,0.0002821175085532703,6.401194012737876e-05,644.99,0.000282752848470181
1608307200000,639.56,0.0005081050313251691,2.2558706971563858e-05,638.35,0.0005127273862489507
1608336000000,651.98,3.7509157865631947e-05,9.041896795227976e-06,654.73,3.802540910462115e-05
1608364800000,649.32,0.00019273500518156904,7.812445568266732e-06,649.36,0.0001928611285826505
1608393600000,655.88,0.000320098687914432,3.9851535516914465e-05,656.2,0.00032265914998340123
1608422400000,664.06,0.00040775736135065184,8.666671336599705e-05,658.88,0.00041205716716646027
1608451200000,650.19,2.9377198383735695e-05,5.193856747951873e-06,657.15,2.926759741994466e-05
1608480000000,649.22,0.0003019071315204575,1.5350348132202838e-05,654.88,0.0003004396881402358
1608508800000,636.31,0.0003787511528092424,1.1244630276960135e-10,638.32,0.0003764620754926273
1608537600000,644.84,0.00010684457816044305,2.6134556733469555e-05,646.6,0.00010771908077367306
1608566400000,619.76,0.00017535336915744073,0.0,615.52,0.00017049901248242534
1608595200000,617.22,-6.471630673213925e-08,0.0,607.91,-6.466163348106583e-08
1608624000000,602.86,4.8649560734638516e-06,1.4276399466663809e-06,595.54,4.86577230406319e-06
1608652800000,617.81,6.877782097408001e-06,0.0,626.63,6.908767677452382e-06
1608681600000,629.85,8.515069500051241e-10,0.0,636.96,8.46384020682367e-10
1608710400000,614.41,0.0002635968276559508,4.477416320778579e-05,615.89,0.0002565188461783016
1608739200000,612.65,9.461680163676449e-05,1.5268560092709294e-07,605.73,9.415299562280953e-05
1608768000000,584.29,2.575103577264662e-06,-1.5747466805235688e-08,585.43,2.755733667374618e-06
1608796800000,573.93,-9.664239825696944e-07,0.0,580.19,-9.59986993182931e-07
1608825600000,589.92,1.373585810500958e-07,0.0,592.88,1.7287144688477535e-07
1608854400000,612.66,3.575090246471659e-10,0.0,612.19,3.6452799146573827e-10
1608883200000,613.82,6.107696772023067e-07,0.0,612.62,6.068295431765775e-07
1608912000000,618.87,0.00042261548670213296,2.557678909350279e-05,613.58,0.00043147043250872067
1608940800000,621.97,6.585184357923718e-05,2.6753821557320393e-05,626.63,6.63316994913482e-05
1608969600000,628.75,0.00044550371164760606,3.996914688247888e-05,624.98,0.00044663359767303166
1608998400000,629.36,0.00013033429035022942,1.287005103122503e-05,628.51,0.0001302074164043962
1609027200000,633.69,0.00041071387998948975,1.244829309469772e-06,636.44,0.00041977881221648254
1609056000000,651.21,0.0004796470637860563,9.818053056672827e-05,649.57,0.0004857977683890406
1609084800000,683.83,0.000554420098649591,0.0001313791985895167,696.95,0.0005572873188652442
1609113600000,686.39,0.0008273093793460916,4.966321282578454e-05,683.92,0.000820541821686696
1609142400000,712.49,0.0004814924015885901,0.00010054418915347043,733.03,0.0004940703568452662
1609171200000,737.13,0.000579871225963969,6.0228578041860945e-05,728.55,0.0005776369619223182
1609200000000,725.6,0.0003244904800411492,3.245676333992995e-05,729.43,0.00032619762544047255
1609228800000,707.78,0.0005719306092131149,5.9728336948072825e-05,708.48,0.0005588332993311636
1609257600000,721.23,0.00015500620346426934,3.8893177023540685e-06,718.27,0.00015868295730374086
1609300800000,739.79,0.00033168851179015053,0.0001124307452327307,733.17,0.0003121357134785761
1609329600000,729.16,0.00039580239837344963,9.759409999088984e-05,725.47,0.0003940806241501581
1609358400000,742.32,0.0004427730640616821,0.00011400745758134865,753.63,0.0004463556685353972
1609387200000,738.76,0.0005600001467881547,0.0,743.49,0.0005579855179337886
1609416000000,751.83,0.0002547686924473274,2.5231799105081795e-05,745.62,0.0002557595974176973
1609444800000,740.97,2.3887764928932408e-09,0.0,739.6,2.3887764928932408e-09
1609473600000,745.69,1.6522304665457205e-06,8.310736554363322e-07,746.4,1.6682309112244963e-06
1609502400000,738.29,9.067726360260391e-06,2.7827649972477674e-07,740.43,9.034713157282787e-06
1609531200000,726.14,1.6494628639627854e-06,-1.84184414912565e-07,727.33,1.6611849080584861e-06
1609560000000,731.57,1.0342915846180005e-06,0.0,732.25,1.032739113987478e-06
1609588800000,730.09,0.00014446719245795385,1.4239393652284081e-05,731.33,0.000144914552229929
1609617600000,780.18,0.001510950056910835,0.00025055130848997776,785.54,0.0015873066321660516
1609646400000,779.63,0.0009617396991739304,2.1791289883975777e-05,773.16,0.0009457173579071233
1609675200000,825.94,0.0007792827870452028,9.799749152655907e-05,830.46,0.0008052146302624751
1609718400000,992.77,0.002178162958180566,0.0003379111911634752,978.81,0.0022326248305392106
1609747200000,1109.43,0.0016357781924077786,0.0006283286062259632,1045.78,0.0017575517900981449
1609776000000,1044.84,5.967586211287663e-05,1.5696327261544373e-06,1041.89,0.00012101328646218773
1609804800000,1013.16,0.0004278356587861645,8.841106145091168e-05,1042.28,0.00041623011371390176
1609833600000,1015.89,0.00024386600276650512,9.864345041670173e-07,1003.46,0.00024385380151839718
1609862400000,1048.3,0.00011543757434458745,2.9838207260639398e-05,1053.95,0.00011843716666423853
1609891200000,1112.06,0.0006936143204731062,7.106357285565018e-05,1102.6,0.0007144461860944705
1609920000000,1116.49,0.0009249789075990345,0.00021670860363250767,1108.99,0.0009285511359783945
1609948800000,1136.34,0.001659413355406211,0.00014350088136420692,1146.62,0.0016855149287706302
1609977600000,1181.46,0.00041283415034834955,5.4151195209098876e-05,1211.11,0.0004211263185308959
1610006400000,1201.62,0.0007967338362650216,6.207102123372913e-05,1187.44,0.0007949483993246243
1610035200000,1226.01,0.0005023043904251458,6.688482848823072e-05,1251.59,0.0005090684890831984
1610064000000,1246.11,0.000536234126647216,9.965062284655171e-06,1226.45,0.0005374288425511714
1610092800000,1175.91,3.265149235737318e-05,5.928341905350137e-06,1208.93,3.190958528180906e-05
1610121600000,1258.85,0.000871846746854601,4.4604271594261975e-05,1218.45,0.0008989063133818648
1610150400000,1217.92,7.31860027795894e-05,6.860756359242755e-06,1217.56,7.200998507308839e-05
1610179200000,1181.0,9.24991035125554e-07,0.0,1197.52,9.169944720201217e-07
1610208000000,1226.39,0.00022056436454730044,4.8166214744307e-05,1223.06,0.00022550654214402276
1610236800000,1292.47,0.0011161062758329539,0.00021617448604652073,1281.14,0.0011519639439343014
1610265600000,1328.04,0.001873043346252991,0.0005475589014325697,1348.23,0.0019265135464582477
1610294400000,1297.58,0.0014664110594083215,4.255632102253089e-05,1305.08,0.0014283383925782535
1610323200000,1273.13,0.0013498936753359252,0.0002489760865745213,1254.95,0.0013148632437596517
1610352000000,1022.12,0.0009993809294816353,0.00014310182182819366,1070.31,0.0009228464188453388
1610380800000,1036.97,0.0003387732207619111,3.887325604330825e-05,974.9,0.00032921422718338813
1610409600000,1058.26,0.00018983248508605872,-5.624435002972504e-07,1088.4,0.0001893548984535365
1610438400000,1138.53,-1.740199788153078e-06,5.360246185081124e-08,1140.72,-1.730731243108921e-06
1610467200000,1034.8,-0.0010127214586342218,-0.0011670971632631911,1053.28,-0.0009058619750093948
1610496000000,1052.21,-0.008652731395877284,-0.0001634202827705581,1049.95,-0.008934209151158997
1610524800000,1043.4,0.0024333556204398353,7.788639993076891e-07,1075.21,0.0019047089900013098
1610553600000,1054.29,0.00022860777784847625,3.883725605915956e-05,1070.2,0.0002260998549630506
1610582400000,1117.38,0.0003442689250369843,2.5947908304116413e-05,1129.79,0.0003526223733042876
1610611200000,1121.63,0.0003674178836862847,5.922559093777543e-05,1148.92,0.00036321465808349514
1610640000000,1209.24,0.0005925058720544769,9.249299121525897e-05,1211.81,0.0006028740413516102
1610668800000,1199.17,0.0005666832995782162,5.653142018630223e-06,1231.1,0.0005685353070831975
1610697600000,1199.1,0.0002749673528898304,1.6717139399619805e-06,1238.81,0.00027469411298582493
1610726400000,1194.49,0.0005683163375353213,0.00010288685523424986,1139.35,0.0005588666613492907
1610755200000,1163.53,0.00010327672467608623,0.0,1169.29,0.00010456307257574391
1610784000000,1172.87,3.383012877169705e-05,2.7070041279360023e-05,1182.82,3.395337365200824e-05
1610812800000,1239.16,0.001020990100873256,0.00042148222621329553,1276.6,0.0010579024013090102
1610841600000,1232.91,0.002042373860136995,6.729194893797542e-05,1228.37,0.002028134678679096
1610870400000,1213.26,0.0001436697277605146,0.0,1182.1,0.00014491473362630695
1610899200000,1199.61,4.152680540693677e-06,4.197914642213259e-06,1240.82,4.214066667311231e-06
1610928000000,1245.33,0.00018734495950335612,4.617630821014465e-05,1233.3,0.00018907686961441595
1610956800000,1197.02,5.993272553131191e-05,0.0,1219.41,6.022202580775383e-05
1610985600000,1236.36,0.00022700986596058768,4.456932012602481e-05,1240.96,0.00023015557334529017
1611014400000,1241.17,0.0002619762391129538,0.0001270493054504277,1258.48,0.00026112624941113463
1611043200000,1332.25,0.001428914690015421,1.9273298236293768e-05,1376.23,0.001473864124290323
1611072000000,1407.39,0.0010299016357396104,4.0122024307112556e-05,1415.58,0.0010448852169637492
1611100800000,1410.57,0.00015335370065941334,1.813984957209372e-06,1368.54,0.00015331699749802571
1611129600000,1348.53,7.351530936613108e-05,4.3673444563707556e-05,1370.1,7.280410642590802e-05
1611158400000,1303.63,9.9914151950022e-06,-4.993350333401763e-08,1274.8,9.985011770752899e-06
1611187200000,1335.18,1.9479880934521086e-06,1.9922196981441805e-06,1377.97,2.039166890696505e-06
1611216000000,1307.85,9.172659123044277e-05,7.808133930375332e-09,1308.58,8.907211930016777e-05
1611244800000,1203.1,8.50776463842292e-06,4.330571551448157e-06,1187.79,8.074894431440235e-06
1611273600000,1134.0,2.0133433701838032e-05,-1.7417951678263625e-06,1110.01,2.0035974882152554e-05
1611302400000,1163.99,-4.930864241554777e-06,0.0,1142.23,-4.964383319455792e-06
1611331200000,1235.21,-5.3313064864722566e-06,0.0,1234.85,-5.54464562653964e-06
1611360000000,1225.91,4.539176361336612e-07,2.8340701664924313e-07,1234.18,4.5197670686734693e-07
1611388800000,1255.28,9.766762598096524e-07,7.141708750960315e-07,1261.34,9.876543299885371e-07
1611417600000,1220.32,6.998782237811925e-05,1.988583728330253e-06,1231.98,6.83600898709666e-05
1611446400000,1237.47,0.00015443436410956152,2.839214588058379e-05,1234.63,0.00015661741564968363
1611475200000,1320.56,0.00010997198010739621,2.2127770929892925e-05,1315.37,0.00011663189507070382
1611504000000,1306.17,0.00013757629109443972,6.814350527260404e-08,1321.21,0.00014010662383710036
1611532800000,1369.18,2.182649119812533e-05,3.878983132349119e-06,1392.82,2.2319864628016296e-05
1611561600000,1427.2,0.0004389431980676475,2.283597058289185e-06,1425.13,0.00045144737469718994
1611590400000,1405.56,7.949329768525979e-05,2.7387316426040484e-06,1434.52,7.923405062909843e-05
1611619200000,1327.09,-4.4945868725693365e-06,-5.3454137037311706e-08,1318.1,-3.966588333704782e-06
1611648000000,1316.19,-2.3033118182321128e-07,-1.5181284125528037e-07,1318.29,-2.319512031523605e-07
1611676800000,1260.82,-2.9758014046800183e-05,-4.218375379204817e-05,1281.02,-2.8111372198485474e-05
1611705600000,1362.16,-0.00010151620778226146,2.8287922399476378e-08,1368.29,-0.00010123893431812623
1611734400000,1293.94,-1.9477357559833864e-06,-7.167237794635444e-07,1296.0,-1.853016359282106e-06
1611763200000,1224.26,-4.283581316938242e-05,5.550437459925775e-08,1283.43,-4.1801920481959414e-05
1611792000000,1252.99,-2.062980741888314e-06,-1.0662300559140128e-06,1241.14,-2.0012961152151656e-06
1611820800000,1306.14,2.47716289907128e-06,2.6269312022552797e-06,1286.23,2.6078920155112293e-06
1611849600000,1349.26,7.5826272712626145e-06,1.3760246448927794e-06,1351.35,7.73907864234353e-06
1611878400000,1352.4,4.1159098384565696e-05,1.0519460351223433e-05,1332.78,4.115503108202598e-05
1611907200000,1304.17,8.91450544038566e-05,3.760674499994373e-05,1317.5,8.823320301169518e-05
1611936000000,1396.85,0.0012936389313671895,0.0001878613757241096,1398.21,0.0013768171726705925
1611964800000,1396.72,0.0008043022515728265,0.00014799172310327635,1379.47,0.000793136142001488
1611993600000,1347.46,6.919203818137378e-05,7.467463219635946e-10,1347.0,6.901506541882215e-05
1612022400000,1368.55,7.698300996490731e-05,4.879352666850326e-05,1373.76,7.798456262331858e-05
1612051200000,1387.24,0.0008820451050656115,7.108602242054229e-05,1379.64,0.000883231597751891
1612080000000,1349.38,0.0004095886462020558,3.841205189168707e-05,1346.48,0.00040515900072121225
1612108800000,1332.16,4.378397455559297e-05,0.0,1312.53,4.3976432944716394e-05
1612137600000,1311.92,0.0,0.0,1313.77,2.168404344971009e-19
1612166400000,1310.49,9.603504795452055e-05,8.973649399157499e-06,1317.48,9.63207907111115e-05
1612195200000,1313.58,0.0004566781251701792,2.9969225116723753e-06,1303.05,0.000459618460622463
1612224000000,1358.35,8.183397522871636e-05,3.18407321799868e-05,1374.84,8.491659849371017e-05
1612252800000,1406.02,0.0005309739652722391,9.36139925205636e-05,1416.31,0.0005347242946805915
1612281600000,1433.41,0.001034469634284164,4.111987783160889e-05,1429.41,0.0010481501647734363
1612310400000,1535.92,0.0005475222050853411,6.439995958398896e-05,1513.59,0.0005760390828830786
1612339200000,1568.63,0.0002447714268754857,9.938044867542137e-07,1549.16,0.0002454971183730372
1612368000000,1557.86,0.0001965487302938582,5.047129483264327e-05,1602.1,0.00018905903573884062
